image_path,label_path,class_id,class_name,conf_det,x,y,w,h,ocr_text,ocr_conf
EvacuationPlanDataset/EvacuationPlanDataset/test/images/KakaoTalk_20240325_162133706_03_jpg.rf.dbafd18603dcfa987ed746e385de6f33.jpg,EvacuationPlanDataset/EvacuationPlanDataset/test/labels/KakaoTalk_20240325_162133706_03_jpg.rf.dbafd18603dcfa987ed746e385de6f33.txt,0,exit,1.0,504,208,14,19,,0.0
EvacuationPlanDataset/EvacuationPlanDataset/test/images/KakaoTalk_20240325_162133706_03_jpg.rf.dbafd18603dcfa987ed746e385de6f33.jpg,EvacuationPlanDataset/EvacuationPlanDataset/test/labels/KakaoTalk_20240325_162133706_03_jpg.rf.dbafd18603dcfa987ed746e385de6f33.txt,0,exit,1.0,507,510,14,20,,0.0
EvacuationPlanDataset/EvacuationPlanDataset/test/images/KakaoTalk_20240325_162133706_03_jpg.rf.dbafd18603dcfa987ed746e385de6f33.jpg,EvacuationPlanDataset/EvacuationPlanDataset/test/labels/KakaoTalk_20240325_162133706_03_jpg.rf.dbafd18603dcfa987ed746e385de6f33.txt,0,exit,1.0,468,540,13,19,,0.0
EvacuationPlanDataset/EvacuationPlanDataset/test/images/KakaoTalk_20240325_162133706_03_jpg.rf.dbafd18603dcfa987ed746e385de6f33.jpg,EvacuationPlanDataset/EvacuationPlanDataset/test/labels/KakaoTalk_20240325_162133706_03_jpg.rf.dbafd18603dcfa987ed746e385de6f33.txt,0,exit,1.0,368,583,16,22,R,0.9349
EvacuationPlanDataset/EvacuationPlanDataset/test/images/KakaoTalk_20240405_160640520_jpg.rf.bb7ba2bede5f0cc84c9518d7348115ae.jpg,EvacuationPlanDataset/EvacuationPlanDataset/test/labels/KakaoTalk_20240405_160640520_jpg.rf.bb7ba2bede5f0cc84c9518d7348115ae.txt,0,exit,1.0,433,195,22,28,F,0.0336
EvacuationPlanDataset/EvacuationPlanDataset/test/images/KakaoTalk_20240405_160640520_jpg.rf.bb7ba2bede5f0cc84c9518d7348115ae.jpg,EvacuationPlanDataset/EvacuationPlanDataset/test/labels/KakaoTalk_20240405_160640520_jpg.rf.bb7ba2bede5f0cc84c9518d7348115ae.txt,0,exit,1.0,394,180,20,28,R,0.3444
EvacuationPlanDataset/EvacuationPlanDataset/test/images/KakaoTalk_20240405_160640520_jpg.rf.bb7ba2bede5f0cc84c9518d7348115ae.jpg,EvacuationPlanDataset/EvacuationPlanDataset/test/labels/KakaoTalk_20240405_160640520_jpg.rf.bb7ba2bede5f0cc84c9518d7348115ae.txt,1,fire_extinguisher,1.0,362,211,26,32,,0.0
EvacuationPlanDataset/EvacuationPlanDataset/test/images/KakaoTalk_20240405_160640520_jpg.rf.bb7ba2bede5f0cc84c9518d7348115ae.jpg,EvacuationPlanDataset/EvacuationPlanDataset/test/labels/KakaoTalk_20240405_160640520_jpg.rf.bb7ba2bede5f0cc84c9518d7348115ae.txt,1,fire_extinguisher,1.0,475,230,25,32,,0.0
EvacuationPlanDataset/EvacuationPlanDataset/test/images/KakaoTalk_20240405_160640520_jpg.rf.bb7ba2bede5f0cc84c9518d7348115ae.jpg,EvacuationPlanDataset/EvacuationPlanDataset/test/labels/KakaoTalk_20240405_160640520_jpg.rf.bb7ba2bede5f0cc84c9518d7348115ae.txt,1,fire_extinguisher,1.0,518,218,26,31,,0.0
EvacuationPlanDataset/EvacuationPlanDataset/test/images/KakaoTalk_20240405_160640520_jpg.rf.bb7ba2bede5f0cc84c9518d7348115ae.jpg,EvacuationPlanDataset/EvacuationPlanDataset/test/labels/KakaoTalk_20240405_160640520_jpg.rf.bb7ba2bede5f0cc84c9518d7348115ae.txt,1,fire_extinguisher,1.0,564,219,24,31,,0.0
EvacuationPlanDataset/EvacuationPlanDataset/test/images/KakaoTalk_20240405_160640520_jpg.rf.bb7ba2bede5f0cc84c9518d7348115ae.jpg,EvacuationPlanDataset/EvacuationPlanDataset/test/labels/KakaoTalk_20240405_160640520_jpg.rf.bb7ba2bede5f0cc84c9518d7348115ae.txt,1,fire_extinguisher,1.0,555,353,24,30,1,0.1995
EvacuationPlanDataset/EvacuationPlanDataset/test/images/KakaoTalk_20240405_160640520_jpg.rf.bb7ba2bede5f0cc84c9518d7348115ae.jpg,EvacuationPlanDataset/EvacuationPlanDataset/test/labels/KakaoTalk_20240405_160640520_jpg.rf.bb7ba2bede5f0cc84c9518d7348115ae.txt,1,fire_extinguisher,1.0,537,454,24,28,,0.0
EvacuationPlanDataset/EvacuationPlanDataset/test/images/KakaoTalk_20240405_160640520_jpg.rf.bb7ba2bede5f0cc84c9518d7348115ae.jpg,EvacuationPlanDataset/EvacuationPlanDataset/test/labels/KakaoTalk_20240405_160640520_jpg.rf.bb7ba2bede5f0cc84c9518d7348115ae.txt,1,fire_extinguisher,1.0,460,519,12,15,,0.0
EvacuationPlanDataset/EvacuationPlanDataset/test/images/KakaoTalk_20240405_160640520_jpg.rf.bb7ba2bede5f0cc84c9518d7348115ae.jpg,EvacuationPlanDataset/EvacuationPlanDataset/test/labels/KakaoTalk_20240405_160640520_jpg.rf.bb7ba2bede5f0cc84c9518d7348115ae.txt,1,fire_extinguisher,1.0,390,449,24,30,,0.0
EvacuationPlanDataset/EvacuationPlanDataset/test/images/KakaoTalk_20240405_160640520_jpg.rf.bb7ba2bede5f0cc84c9518d7348115ae.jpg,EvacuationPlanDataset/EvacuationPlanDataset/test/labels/KakaoTalk_20240405_160640520_jpg.rf.bb7ba2bede5f0cc84c9518d7348115ae.txt,0,exit,1.0,393,518,12,15,,0.0
EvacuationPlanDataset/EvacuationPlanDataset/test/images/KakaoTalk_20240405_160640520_jpg.rf.bb7ba2bede5f0cc84c9518d7348115ae.jpg,EvacuationPlanDataset/EvacuationPlanDataset/test/labels/KakaoTalk_20240405_160640520_jpg.rf.bb7ba2bede5f0cc84c9518d7348115ae.txt,1,fire_extinguisher,1.0,272,444,26,29,,0.0
EvacuationPlanDataset/EvacuationPlanDataset/test/images/KakaoTalk_20240405_160640520_jpg.rf.bb7ba2bede5f0cc84c9518d7348115ae.jpg,EvacuationPlanDataset/EvacuationPlanDataset/test/labels/KakaoTalk_20240405_160640520_jpg.rf.bb7ba2bede5f0cc84c9518d7348115ae.txt,1,fire_extinguisher,1.0,404,336,24,32,D,0.0659
EvacuationPlanDataset/EvacuationPlanDataset/test/images/KakaoTalk_20240405_160640520_jpg.rf.bb7ba2bede5f0cc84c9518d7348115ae.jpg,EvacuationPlanDataset/EvacuationPlanDataset/test/labels/KakaoTalk_20240405_160640520_jpg.rf.bb7ba2bede5f0cc84c9518d7348115ae.txt,1,fire_extinguisher,1.0,340,316,24,30,u,0.0538
EvacuationPlanDataset/EvacuationPlanDataset/test/images/KakaoTalk_20240405_160640520_jpg.rf.bb7ba2bede5f0cc84c9518d7348115ae.jpg,EvacuationPlanDataset/EvacuationPlanDataset/test/labels/KakaoTalk_20240405_160640520_jpg.rf.bb7ba2bede5f0cc84c9518d7348115ae.txt,1,fire_extinguisher,1.0,287,292,27,30,,0.0
EvacuationPlanDataset/EvacuationPlanDataset/test/images/KakaoTalk_20240405_160640520_jpg.rf.bb7ba2bede5f0cc84c9518d7348115ae.jpg,EvacuationPlanDataset/EvacuationPlanDataset/test/labels/KakaoTalk_20240405_160640520_jpg.rf.bb7ba2bede5f0cc84c9518d7348115ae.txt,1,fire_extinguisher,1.0,222,234,28,32,,0.0
EvacuationPlanDataset/EvacuationPlanDataset/test/images/evctmap-101_jpg.rf.50ce78bd9256de8ece1a0d57ba8db8ec.jpg,EvacuationPlanDataset/EvacuationPlanDataset/test/labels/evctmap-101_jpg.rf.50ce78bd9256de8ece1a0d57ba8db8ec.txt,0,exit,1.0,239,357,30,31,,0.0
EvacuationPlanDataset/EvacuationPlanDataset/test/images/evctmap-101_jpg.rf.50ce78bd9256de8ece1a0d57ba8db8ec.jpg,EvacuationPlanDataset/EvacuationPlanDataset/test/labels/evctmap-101_jpg.rf.50ce78bd9256de8ece1a0d57ba8db8ec.txt,0,exit,1.0,502,432,24,24,El,0.2145
EvacuationPlanDataset/EvacuationPlanDataset/test/images/evctmap-101_jpg.rf.50ce78bd9256de8ece1a0d57ba8db8ec.jpg,EvacuationPlanDataset/EvacuationPlanDataset/test/labels/evctmap-101_jpg.rf.50ce78bd9256de8ece1a0d57ba8db8ec.txt,1,fire_extinguisher,1.0,418,428,24,38,,0.0
EvacuationPlanDataset/EvacuationPlanDataset/test/images/evctmap-101_jpg.rf.50ce78bd9256de8ece1a0d57ba8db8ec.jpg,EvacuationPlanDataset/EvacuationPlanDataset/test/labels/evctmap-101_jpg.rf.50ce78bd9256de8ece1a0d57ba8db8ec.txt,1,fire_extinguisher,1.0,512,223,21,46,,0.0
EvacuationPlanDataset/EvacuationPlanDataset/test/images/evctmap-15_jpg.rf.c046a14c39af0248a6c37062d28c714d.jpg,EvacuationPlanDataset/EvacuationPlanDataset/test/labels/evctmap-15_jpg.rf.c046a14c39af0248a6c37062d28c714d.txt,0,exit,1.0,411,401,14,22,#,0.9851
EvacuationPlanDataset/EvacuationPlanDataset/test/images/evctmap-15_jpg.rf.c046a14c39af0248a6c37062d28c714d.jpg,EvacuationPlanDataset/EvacuationPlanDataset/test/labels/evctmap-15_jpg.rf.c046a14c39af0248a6c37062d28c714d.txt,0,exit,1.0,367,463,16,24,A,0.8824
EvacuationPlanDataset/EvacuationPlanDataset/test/images/evctmap-15_jpg.rf.c046a14c39af0248a6c37062d28c714d.jpg,EvacuationPlanDataset/EvacuationPlanDataset/test/labels/evctmap-15_jpg.rf.c046a14c39af0248a6c37062d28c714d.txt,1,fire_extinguisher,1.0,516,456,13,35,,0.0
EvacuationPlanDataset/EvacuationPlanDataset/test/images/evctmap-360_jpg.rf.7abb5f919af9f42b62228690f6533885.jpg,EvacuationPlanDataset/EvacuationPlanDataset/test/labels/evctmap-360_jpg.rf.7abb5f919af9f42b62228690f6533885.txt,0,exit,1.0,409,186,16,20,,0.0
EvacuationPlanDataset/EvacuationPlanDataset/test/images/evctmap-360_jpg.rf.7abb5f919af9f42b62228690f6533885.jpg,EvacuationPlanDataset/EvacuationPlanDataset/test/labels/evctmap-360_jpg.rf.7abb5f919af9f42b62228690f6533885.txt,0,exit,1.0,602,472,20,22,R,0.4975
EvacuationPlanDataset/EvacuationPlanDataset/test/images/evctmap-36_jpg.rf.75bdba66f8bfeaf469a63f9530b92072.jpg,EvacuationPlanDataset/EvacuationPlanDataset/test/labels/evctmap-36_jpg.rf.75bdba66f8bfeaf469a63f9530b92072.txt,0,exit,1.0,32,370,15,22,A,0.9616
EvacuationPlanDataset/EvacuationPlanDataset/test/images/evctmap-36_jpg.rf.75bdba66f8bfeaf469a63f9530b92072.jpg,EvacuationPlanDataset/EvacuationPlanDataset/test/labels/evctmap-36_jpg.rf.75bdba66f8bfeaf469a63f9530b92072.txt,1,fire_extinguisher,1.0,32,518,16,22,,0.0
EvacuationPlanDataset/EvacuationPlanDataset/test/images/evctmap-36_jpg.rf.75bdba66f8bfeaf469a63f9530b92072.jpg,EvacuationPlanDataset/EvacuationPlanDataset/test/labels/evctmap-36_jpg.rf.75bdba66f8bfeaf469a63f9530b92072.txt,0,exit,1.0,123,207,10,14,,0.0
EvacuationPlanDataset/EvacuationPlanDataset/test/images/evctmap-36_jpg.rf.75bdba66f8bfeaf469a63f9530b92072.jpg,EvacuationPlanDataset/EvacuationPlanDataset/test/labels/evctmap-36_jpg.rf.75bdba66f8bfeaf469a63f9530b92072.txt,1,fire_extinguisher,1.0,143,194,8,9,pp,0.1308
EvacuationPlanDataset/EvacuationPlanDataset/test/images/evctmap-36_jpg.rf.75bdba66f8bfeaf469a63f9530b92072.jpg,EvacuationPlanDataset/EvacuationPlanDataset/test/labels/evctmap-36_jpg.rf.75bdba66f8bfeaf469a63f9530b92072.txt,1,fire_extinguisher,1.0,167,194,8,9,,0.0
EvacuationPlanDataset/EvacuationPlanDataset/test/images/evctmap-36_jpg.rf.75bdba66f8bfeaf469a63f9530b92072.jpg,EvacuationPlanDataset/EvacuationPlanDataset/test/labels/evctmap-36_jpg.rf.75bdba66f8bfeaf469a63f9530b92072.txt,1,fire_extinguisher,1.0,106,174,7,10,{,0.0156
EvacuationPlanDataset/EvacuationPlanDataset/test/images/evctmap-36_jpg.rf.75bdba66f8bfeaf469a63f9530b92072.jpg,EvacuationPlanDataset/EvacuationPlanDataset/test/labels/evctmap-36_jpg.rf.75bdba66f8bfeaf469a63f9530b92072.txt,1,fire_extinguisher,1.0,186,167,6,9,,0.0
EvacuationPlanDataset/EvacuationPlanDataset/test/images/evctmap-36_jpg.rf.75bdba66f8bfeaf469a63f9530b92072.jpg,EvacuationPlanDataset/EvacuationPlanDataset/test/labels/evctmap-36_jpg.rf.75bdba66f8bfeaf469a63f9530b92072.txt,0,exit,1.0,322,140,10,16,,0.0
EvacuationPlanDataset/EvacuationPlanDataset/test/images/evctmap-36_jpg.rf.75bdba66f8bfeaf469a63f9530b92072.jpg,EvacuationPlanDataset/EvacuationPlanDataset/test/labels/evctmap-36_jpg.rf.75bdba66f8bfeaf469a63f9530b92072.txt,1,fire_extinguisher,1.0,242,192,7,10,,0.0
EvacuationPlanDataset/EvacuationPlanDataset/test/images/evctmap-36_jpg.rf.75bdba66f8bfeaf469a63f9530b92072.jpg,EvacuationPlanDataset/EvacuationPlanDataset/test/labels/evctmap-36_jpg.rf.75bdba66f8bfeaf469a63f9530b92072.txt,1,fire_extinguisher,1.0,192,194,8,9,Jq,0.9543
EvacuationPlanDataset/EvacuationPlanDataset/test/images/evctmap-36_jpg.rf.75bdba66f8bfeaf469a63f9530b92072.jpg,EvacuationPlanDataset/EvacuationPlanDataset/test/labels/evctmap-36_jpg.rf.75bdba66f8bfeaf469a63f9530b92072.txt,1,fire_extinguisher,1.0,292,233,7,10,,0.0
EvacuationPlanDataset/EvacuationPlanDataset/test/images/evctmap-36_jpg.rf.75bdba66f8bfeaf469a63f9530b92072.jpg,EvacuationPlanDataset/EvacuationPlanDataset/test/labels/evctmap-36_jpg.rf.75bdba66f8bfeaf469a63f9530b92072.txt,1,fire_extinguisher,1.0,292,157,8,9,E,0.0228
EvacuationPlanDataset/EvacuationPlanDataset/test/images/evctmap-36_jpg.rf.75bdba66f8bfeaf469a63f9530b92072.jpg,EvacuationPlanDataset/EvacuationPlanDataset/test/labels/evctmap-36_jpg.rf.75bdba66f8bfeaf469a63f9530b92072.txt,1,fire_extinguisher,1.0,354,156,6,10,,0.0
EvacuationPlanDataset/EvacuationPlanDataset/test/images/evctmap-36_jpg.rf.75bdba66f8bfeaf469a63f9530b92072.jpg,EvacuationPlanDataset/EvacuationPlanDataset/test/labels/evctmap-36_jpg.rf.75bdba66f8bfeaf469a63f9530b92072.txt,1,fire_extinguisher,1.0,342,193,6,10,p,0.2746
EvacuationPlanDataset/EvacuationPlanDataset/test/images/evctmap-36_jpg.rf.75bdba66f8bfeaf469a63f9530b92072.jpg,EvacuationPlanDataset/EvacuationPlanDataset/test/labels/evctmap-36_jpg.rf.75bdba66f8bfeaf469a63f9530b92072.txt,1,fire_extinguisher,1.0,390,141,7,9,n,0.2304
EvacuationPlanDataset/EvacuationPlanDataset/test/images/evctmap-36_jpg.rf.75bdba66f8bfeaf469a63f9530b92072.jpg,EvacuationPlanDataset/EvacuationPlanDataset/test/labels/evctmap-36_jpg.rf.75bdba66f8bfeaf469a63f9530b92072.txt,1,fire_extinguisher,1.0,392,192,7,10,1,0.033
EvacuationPlanDataset/EvacuationPlanDataset/test/images/evctmap-36_jpg.rf.75bdba66f8bfeaf469a63f9530b92072.jpg,EvacuationPlanDataset/EvacuationPlanDataset/test/labels/evctmap-36_jpg.rf.75bdba66f8bfeaf469a63f9530b92072.txt,1,fire_extinguisher,1.0,409,166,7,10,,0.0
EvacuationPlanDataset/EvacuationPlanDataset/test/images/evctmap-36_jpg.rf.75bdba66f8bfeaf469a63f9530b92072.jpg,EvacuationPlanDataset/EvacuationPlanDataset/test/labels/evctmap-36_jpg.rf.75bdba66f8bfeaf469a63f9530b92072.txt,1,fire_extinguisher,1.0,441,193,7,9,,0.0
EvacuationPlanDataset/EvacuationPlanDataset/test/images/evctmap-36_jpg.rf.75bdba66f8bfeaf469a63f9530b92072.jpg,EvacuationPlanDataset/EvacuationPlanDataset/test/labels/evctmap-36_jpg.rf.75bdba66f8bfeaf469a63f9530b92072.txt,0,exit,1.0,496,206,10,16,,0.0
EvacuationPlanDataset/EvacuationPlanDataset/test/images/evctmap-36_jpg.rf.75bdba66f8bfeaf469a63f9530b92072.jpg,EvacuationPlanDataset/EvacuationPlanDataset/test/labels/evctmap-36_jpg.rf.75bdba66f8bfeaf469a63f9530b92072.txt,1,fire_extinguisher,1.0,516,206,6,9,#,0.3443
EvacuationPlanDataset/EvacuationPlanDataset/test/images/evctmap-36_jpg.rf.75bdba66f8bfeaf469a63f9530b92072.jpg,EvacuationPlanDataset/EvacuationPlanDataset/test/labels/evctmap-36_jpg.rf.75bdba66f8bfeaf469a63f9530b92072.txt,1,fire_extinguisher,1.0,575,272,6,9,,0.0
EvacuationPlanDataset/EvacuationPlanDataset/test/images/evctmap-36_jpg.rf.75bdba66f8bfeaf469a63f9530b92072.jpg,EvacuationPlanDataset/EvacuationPlanDataset/test/labels/evctmap-36_jpg.rf.75bdba66f8bfeaf469a63f9530b92072.txt,1,fire_extinguisher,1.0,554,317,7,8,,0.0
EvacuationPlanDataset/EvacuationPlanDataset/test/images/evctmap-36_jpg.rf.75bdba66f8bfeaf469a63f9530b92072.jpg,EvacuationPlanDataset/EvacuationPlanDataset/test/labels/evctmap-36_jpg.rf.75bdba66f8bfeaf469a63f9530b92072.txt,1,fire_extinguisher,1.0,575,341,6,8,m,0.7854
EvacuationPlanDataset/EvacuationPlanDataset/test/images/evctmap-36_jpg.rf.75bdba66f8bfeaf469a63f9530b92072.jpg,EvacuationPlanDataset/EvacuationPlanDataset/test/labels/evctmap-36_jpg.rf.75bdba66f8bfeaf469a63f9530b92072.txt,1,fire_extinguisher,1.0,554,464,7,10,0,0.9814
EvacuationPlanDataset/EvacuationPlanDataset/test/images/evctmap-36_jpg.rf.75bdba66f8bfeaf469a63f9530b92072.jpg,EvacuationPlanDataset/EvacuationPlanDataset/test/labels/evctmap-36_jpg.rf.75bdba66f8bfeaf469a63f9530b92072.txt,1,fire_extinguisher,1.0,575,444,6,10,,0.0
EvacuationPlanDataset/EvacuationPlanDataset/test/images/evctmap-36_jpg.rf.75bdba66f8bfeaf469a63f9530b92072.jpg,EvacuationPlanDataset/EvacuationPlanDataset/test/labels/evctmap-36_jpg.rf.75bdba66f8bfeaf469a63f9530b92072.txt,1,fire_extinguisher,1.0,574,377,6,11,,0.0
EvacuationPlanDataset/EvacuationPlanDataset/test/images/evctmap-36_jpg.rf.75bdba66f8bfeaf469a63f9530b92072.jpg,EvacuationPlanDataset/EvacuationPlanDataset/test/labels/evctmap-36_jpg.rf.75bdba66f8bfeaf469a63f9530b92072.txt,1,fire_extinguisher,1.0,574,476,8,9,9,0.0473
EvacuationPlanDataset/EvacuationPlanDataset/test/images/evctmap-36_jpg.rf.75bdba66f8bfeaf469a63f9530b92072.jpg,EvacuationPlanDataset/EvacuationPlanDataset/test/labels/evctmap-36_jpg.rf.75bdba66f8bfeaf469a63f9530b92072.txt,1,fire_extinguisher,1.0,560,560,6,10,M,0.7339
EvacuationPlanDataset/EvacuationPlanDataset/test/images/evctmap-37_jpg.rf.21ebf742e8587d2a49b989dba34024dd.jpg,EvacuationPlanDataset/EvacuationPlanDataset/test/labels/evctmap-37_jpg.rf.21ebf742e8587d2a49b989dba34024dd.txt,0,exit,1.0,278,424,20,27,#,0.2364
EvacuationPlanDataset/EvacuationPlanDataset/test/images/evctmap-37_jpg.rf.21ebf742e8587d2a49b989dba34024dd.jpg,EvacuationPlanDataset/EvacuationPlanDataset/test/labels/evctmap-37_jpg.rf.21ebf742e8587d2a49b989dba34024dd.txt,0,exit,1.0,283,209,19,27,,0.0
EvacuationPlanDataset/EvacuationPlanDataset/test/images/evctmap-37_jpg.rf.21ebf742e8587d2a49b989dba34024dd.jpg,EvacuationPlanDataset/EvacuationPlanDataset/test/labels/evctmap-37_jpg.rf.21ebf742e8587d2a49b989dba34024dd.txt,0,exit,1.0,281,524,20,28,H,0.119
EvacuationPlanDataset/EvacuationPlanDataset/test/images/evctmap-37_jpg.rf.21ebf742e8587d2a49b989dba34024dd.jpg,EvacuationPlanDataset/EvacuationPlanDataset/test/labels/evctmap-37_jpg.rf.21ebf742e8587d2a49b989dba34024dd.txt,1,fire_extinguisher,1.0,298,167,16,28,,0.0
EvacuationPlanDataset/EvacuationPlanDataset/test/images/evctmap-37_jpg.rf.21ebf742e8587d2a49b989dba34024dd.jpg,EvacuationPlanDataset/EvacuationPlanDataset/test/labels/evctmap-37_jpg.rf.21ebf742e8587d2a49b989dba34024dd.txt,1,fire_extinguisher,1.0,370,168,18,29,,0.0
EvacuationPlanDataset/EvacuationPlanDataset/test/images/evctmap-37_jpg.rf.21ebf742e8587d2a49b989dba34024dd.jpg,EvacuationPlanDataset/EvacuationPlanDataset/test/labels/evctmap-37_jpg.rf.21ebf742e8587d2a49b989dba34024dd.txt,1,fire_extinguisher,1.0,374,249,16,30,,0.0
EvacuationPlanDataset/EvacuationPlanDataset/test/images/evctmap-37_jpg.rf.21ebf742e8587d2a49b989dba34024dd.jpg,EvacuationPlanDataset/EvacuationPlanDataset/test/labels/evctmap-37_jpg.rf.21ebf742e8587d2a49b989dba34024dd.txt,1,fire_extinguisher,1.0,349,318,18,30,,0.0
EvacuationPlanDataset/EvacuationPlanDataset/test/images/evctmap-37_jpg.rf.21ebf742e8587d2a49b989dba34024dd.jpg,EvacuationPlanDataset/EvacuationPlanDataset/test/labels/evctmap-37_jpg.rf.21ebf742e8587d2a49b989dba34024dd.txt,1,fire_extinguisher,1.0,259,407,16,30,,0.0
EvacuationPlanDataset/EvacuationPlanDataset/test/images/evctmap-37_jpg.rf.21ebf742e8587d2a49b989dba34024dd.jpg,EvacuationPlanDataset/EvacuationPlanDataset/test/labels/evctmap-37_jpg.rf.21ebf742e8587d2a49b989dba34024dd.txt,1,fire_extinguisher,1.0,424,251,18,29,,0.0
EvacuationPlanDataset/EvacuationPlanDataset/test/images/evctmap-37_jpg.rf.21ebf742e8587d2a49b989dba34024dd.jpg,EvacuationPlanDataset/EvacuationPlanDataset/test/labels/evctmap-37_jpg.rf.21ebf742e8587d2a49b989dba34024dd.txt,1,fire_extinguisher,1.0,454,167,18,30,h,0.0418
EvacuationPlanDataset/EvacuationPlanDataset/test/images/evctmap-37_jpg.rf.21ebf742e8587d2a49b989dba34024dd.jpg,EvacuationPlanDataset/EvacuationPlanDataset/test/labels/evctmap-37_jpg.rf.21ebf742e8587d2a49b989dba34024dd.txt,1,fire_extinguisher,1.0,581,252,18,30,,0.0
EvacuationPlanDataset/EvacuationPlanDataset/test/images/evctmap-37_jpg.rf.21ebf742e8587d2a49b989dba34024dd.jpg,EvacuationPlanDataset/EvacuationPlanDataset/test/labels/evctmap-37_jpg.rf.21ebf742e8587d2a49b989dba34024dd.txt,1,fire_extinguisher,1.0,452,364,16,30,,0.0
EvacuationPlanDataset/EvacuationPlanDataset/test/images/evctmap-37_jpg.rf.21ebf742e8587d2a49b989dba34024dd.jpg,EvacuationPlanDataset/EvacuationPlanDataset/test/labels/evctmap-37_jpg.rf.21ebf742e8587d2a49b989dba34024dd.txt,1,fire_extinguisher,1.0,476,364,17,30,,0.0
EvacuationPlanDataset/EvacuationPlanDataset/test/images/evctmap-37_jpg.rf.21ebf742e8587d2a49b989dba34024dd.jpg,EvacuationPlanDataset/EvacuationPlanDataset/test/labels/evctmap-37_jpg.rf.21ebf742e8587d2a49b989dba34024dd.txt,1,fire_extinguisher,1.0,370,458,16,28,,0.0
EvacuationPlanDataset/EvacuationPlanDataset/test/images/evctmap-37_jpg.rf.21ebf742e8587d2a49b989dba34024dd.jpg,EvacuationPlanDataset/EvacuationPlanDataset/test/labels/evctmap-37_jpg.rf.21ebf742e8587d2a49b989dba34024dd.txt,1,fire_extinguisher,1.0,469,458,16,30,,0.0
EvacuationPlanDataset/EvacuationPlanDataset/test/images/evctmap-37_jpg.rf.21ebf742e8587d2a49b989dba34024dd.jpg,EvacuationPlanDataset/EvacuationPlanDataset/test/labels/evctmap-37_jpg.rf.21ebf742e8587d2a49b989dba34024dd.txt,1,fire_extinguisher,1.0,454,522,16,29,,0.0
EvacuationPlanDataset/EvacuationPlanDataset/test/images/evctmap-37_jpg.rf.21ebf742e8587d2a49b989dba34024dd.jpg,EvacuationPlanDataset/EvacuationPlanDataset/test/labels/evctmap-37_jpg.rf.21ebf742e8587d2a49b989dba34024dd.txt,1,fire_extinguisher,1.0,532,410,17,29,,0.0
EvacuationPlanDataset/EvacuationPlanDataset/test/images/evctmap-37_jpg.rf.21ebf742e8587d2a49b989dba34024dd.jpg,EvacuationPlanDataset/EvacuationPlanDataset/test/labels/evctmap-37_jpg.rf.21ebf742e8587d2a49b989dba34024dd.txt,1,fire_extinguisher,1.0,580,376,17,32,,0.0
EvacuationPlanDataset/EvacuationPlanDataset/test/images/evctmap-37_jpg.rf.21ebf742e8587d2a49b989dba34024dd.jpg,EvacuationPlanDataset/EvacuationPlanDataset/test/labels/evctmap-37_jpg.rf.21ebf742e8587d2a49b989dba34024dd.txt,1,fire_extinguisher,1.0,552,460,18,30,,0.0
EvacuationPlanDataset/EvacuationPlanDataset/test/images/evctmap-413_jpg.rf.8222e3e6338f86f97907f1a074cf009e.jpg,EvacuationPlanDataset/EvacuationPlanDataset/test/labels/evctmap-413_jpg.rf.8222e3e6338f86f97907f1a074cf009e.txt,0,exit,1.0,262,194,8,12,4,0.0289
EvacuationPlanDataset/EvacuationPlanDataset/test/images/evctmap-413_jpg.rf.8222e3e6338f86f97907f1a074cf009e.jpg,EvacuationPlanDataset/EvacuationPlanDataset/test/labels/evctmap-413_jpg.rf.8222e3e6338f86f97907f1a074cf009e.txt,0,exit,1.0,366,186,8,12,9,0.9885
EvacuationPlanDataset/EvacuationPlanDataset/test/images/evctmap-413_jpg.rf.8222e3e6338f86f97907f1a074cf009e.jpg,EvacuationPlanDataset/EvacuationPlanDataset/test/labels/evctmap-413_jpg.rf.8222e3e6338f86f97907f1a074cf009e.txt,0,exit,1.0,451,105,8,11,,0.0
EvacuationPlanDataset/EvacuationPlanDataset/test/images/evctmap-413_jpg.rf.8222e3e6338f86f97907f1a074cf009e.jpg,EvacuationPlanDataset/EvacuationPlanDataset/test/labels/evctmap-413_jpg.rf.8222e3e6338f86f97907f1a074cf009e.txt,0,exit,1.0,496,434,9,12,,0.0
EvacuationPlanDataset/EvacuationPlanDataset/test/images/evctmap-413_jpg.rf.8222e3e6338f86f97907f1a074cf009e.jpg,EvacuationPlanDataset/EvacuationPlanDataset/test/labels/evctmap-413_jpg.rf.8222e3e6338f86f97907f1a074cf009e.txt,0,exit,1.0,499,151,8,11,,0.0
EvacuationPlanDataset/EvacuationPlanDataset/test/images/evctmap-413_jpg.rf.8222e3e6338f86f97907f1a074cf009e.jpg,EvacuationPlanDataset/EvacuationPlanDataset/test/labels/evctmap-413_jpg.rf.8222e3e6338f86f97907f1a074cf009e.txt,0,exit,1.0,284,394,8,11,,0.0
EvacuationPlanDataset/EvacuationPlanDataset/test/images/evctmap-413_jpg.rf.8222e3e6338f86f97907f1a074cf009e.jpg,EvacuationPlanDataset/EvacuationPlanDataset/test/labels/evctmap-413_jpg.rf.8222e3e6338f86f97907f1a074cf009e.txt,0,exit,1.0,366,394,8,10,,0.0
EvacuationPlanDataset/EvacuationPlanDataset/test/images/evctmap-413_jpg.rf.8222e3e6338f86f97907f1a074cf009e.jpg,EvacuationPlanDataset/EvacuationPlanDataset/test/labels/evctmap-413_jpg.rf.8222e3e6338f86f97907f1a074cf009e.txt,0,exit,1.0,282,471,8,12,%,0.0476
EvacuationPlanDataset/EvacuationPlanDataset/test/images/evctmap-413_jpg.rf.8222e3e6338f86f97907f1a074cf009e.jpg,EvacuationPlanDataset/EvacuationPlanDataset/test/labels/evctmap-413_jpg.rf.8222e3e6338f86f97907f1a074cf009e.txt,0,exit,1.0,386,526,12,15,,0.0
EvacuationPlanDataset/EvacuationPlanDataset/test/images/evctmap-478_jpg.rf.0385bdd7c8da7b7b25f7f228fdd22456.jpg,EvacuationPlanDataset/EvacuationPlanDataset/test/labels/evctmap-478_jpg.rf.0385bdd7c8da7b7b25f7f228fdd22456.txt,0,exit,1.0,388,460,26,24,M,0.9529
EvacuationPlanDataset/EvacuationPlanDataset/test/images/evctmap-478_jpg.rf.0385bdd7c8da7b7b25f7f228fdd22456.jpg,EvacuationPlanDataset/EvacuationPlanDataset/test/labels/evctmap-478_jpg.rf.0385bdd7c8da7b7b25f7f228fdd22456.txt,1,fire_extinguisher,1.0,386,429,26,24,,0.0
EvacuationPlanDataset/EvacuationPlanDataset/test/images/evctmap-555_jpg.rf.ad93ed7d5d2feab006695d544d1c5434.jpg,EvacuationPlanDataset/EvacuationPlanDataset/test/labels/evctmap-555_jpg.rf.ad93ed7d5d2feab006695d544d1c5434.txt,0,exit,1.0,254,200,12,24,@,0.7235
EvacuationPlanDataset/EvacuationPlanDataset/test/images/evctmap-555_jpg.rf.ad93ed7d5d2feab006695d544d1c5434.jpg,EvacuationPlanDataset/EvacuationPlanDataset/test/labels/evctmap-555_jpg.rf.ad93ed7d5d2feab006695d544d1c5434.txt,0,exit,1.0,333,317,14,22,,0.0
EvacuationPlanDataset/EvacuationPlanDataset/test/images/evctmap-555_jpg.rf.ad93ed7d5d2feab006695d544d1c5434.jpg,EvacuationPlanDataset/EvacuationPlanDataset/test/labels/evctmap-555_jpg.rf.ad93ed7d5d2feab006695d544d1c5434.txt,0,exit,1.0,592,146,19,28,,0.0
EvacuationPlanDataset/EvacuationPlanDataset/test/images/evctmap-555_jpg.rf.ad93ed7d5d2feab006695d544d1c5434.jpg,EvacuationPlanDataset/EvacuationPlanDataset/test/labels/evctmap-555_jpg.rf.ad93ed7d5d2feab006695d544d1c5434.txt,0,exit,1.0,487,379,14,22,(#),0.0943
EvacuationPlanDataset/EvacuationPlanDataset/test/images/evctmap-555_jpg.rf.ad93ed7d5d2feab006695d544d1c5434.jpg,EvacuationPlanDataset/EvacuationPlanDataset/test/labels/evctmap-555_jpg.rf.ad93ed7d5d2feab006695d544d1c5434.txt,0,exit,1.0,372,528,13,22,,0.0
EvacuationPlanDataset/EvacuationPlanDataset/test/images/evctmap-555_jpg.rf.ad93ed7d5d2feab006695d544d1c5434.jpg,EvacuationPlanDataset/EvacuationPlanDataset/test/labels/evctmap-555_jpg.rf.ad93ed7d5d2feab006695d544d1c5434.txt,1,fire_extinguisher,1.0,447,528,14,24,,0.0
EvacuationPlanDataset/EvacuationPlanDataset/test/images/evctmap-623_jpg.rf.33f70c2dd1f8c42e31b330333c3f5534.jpg,EvacuationPlanDataset/EvacuationPlanDataset/test/labels/evctmap-623_jpg.rf.33f70c2dd1f8c42e31b330333c3f5534.txt,0,exit,1.0,243,209,33,30,,0.0
EvacuationPlanDataset/EvacuationPlanDataset/test/images/evctmap-623_jpg.rf.33f70c2dd1f8c42e31b330333c3f5534.jpg,EvacuationPlanDataset/EvacuationPlanDataset/test/labels/evctmap-623_jpg.rf.33f70c2dd1f8c42e31b330333c3f5534.txt,1,fire_extinguisher,1.0,216,150,20,22,,0.0
EvacuationPlanDataset/EvacuationPlanDataset/test/images/evctmap-623_jpg.rf.33f70c2dd1f8c42e31b330333c3f5534.jpg,EvacuationPlanDataset/EvacuationPlanDataset/test/labels/evctmap-623_jpg.rf.33f70c2dd1f8c42e31b330333c3f5534.txt,1,fire_extinguisher,1.0,25,270,22,20,,0.0
EvacuationPlanDataset/EvacuationPlanDataset/test/images/evctmap-623_jpg.rf.33f70c2dd1f8c42e31b330333c3f5534.jpg,EvacuationPlanDataset/EvacuationPlanDataset/test/labels/evctmap-623_jpg.rf.33f70c2dd1f8c42e31b330333c3f5534.txt,1,fire_extinguisher,1.0,24,357,21,19,,0.0
EvacuationPlanDataset/EvacuationPlanDataset/test/images/evctmap-623_jpg.rf.33f70c2dd1f8c42e31b330333c3f5534.jpg,EvacuationPlanDataset/EvacuationPlanDataset/test/labels/evctmap-623_jpg.rf.33f70c2dd1f8c42e31b330333c3f5534.txt,1,fire_extinguisher,1.0,239,319,19,19,,0.0
EvacuationPlanDataset/EvacuationPlanDataset/test/images/evctmap-623_jpg.rf.33f70c2dd1f8c42e31b330333c3f5534.jpg,EvacuationPlanDataset/EvacuationPlanDataset/test/labels/evctmap-623_jpg.rf.33f70c2dd1f8c42e31b330333c3f5534.txt,1,fire_extinguisher,1.0,446,193,22,20,,0.0
EvacuationPlanDataset/EvacuationPlanDataset/test/images/evctmap-623_jpg.rf.33f70c2dd1f8c42e31b330333c3f5534.jpg,EvacuationPlanDataset/EvacuationPlanDataset/test/labels/evctmap-623_jpg.rf.33f70c2dd1f8c42e31b330333c3f5534.txt,1,fire_extinguisher,1.0,446,279,23,22,,0.0
EvacuationPlanDataset/EvacuationPlanDataset/test/images/evctmap-623_jpg.rf.33f70c2dd1f8c42e31b330333c3f5534.jpg,EvacuationPlanDataset/EvacuationPlanDataset/test/labels/evctmap-623_jpg.rf.33f70c2dd1f8c42e31b330333c3f5534.txt,1,fire_extinguisher,1.0,486,340,20,21,,0.0
EvacuationPlanDataset/EvacuationPlanDataset/test/images/evctmap-623_jpg.rf.33f70c2dd1f8c42e31b330333c3f5534.jpg,EvacuationPlanDataset/EvacuationPlanDataset/test/labels/evctmap-623_jpg.rf.33f70c2dd1f8c42e31b330333c3f5534.txt,0,exit,1.0,556,341,22,21,,0.0
EvacuationPlanDataset/EvacuationPlanDataset/test/images/evctmap-675_jpg.rf.99a096096454dbe13e99d00492f55975.jpg,EvacuationPlanDataset/EvacuationPlanDataset/test/labels/evctmap-675_jpg.rf.99a096096454dbe13e99d00492f55975.txt,0,exit,1.0,464,222,20,38,,0.0
EvacuationPlanDataset/EvacuationPlanDataset/test/images/evctmap-675_jpg.rf.99a096096454dbe13e99d00492f55975.jpg,EvacuationPlanDataset/EvacuationPlanDataset/test/labels/evctmap-675_jpg.rf.99a096096454dbe13e99d00492f55975.txt,0,exit,1.0,567,375,17,26,,0.0
EvacuationPlanDataset/EvacuationPlanDataset/test/images/evctmap-675_jpg.rf.99a096096454dbe13e99d00492f55975.jpg,EvacuationPlanDataset/EvacuationPlanDataset/test/labels/evctmap-675_jpg.rf.99a096096454dbe13e99d00492f55975.txt,1,fire_extinguisher,1.0,566,423,18,28,,0.0
EvacuationPlanDataset/EvacuationPlanDataset/test/images/evctmap-8_jpg.rf.adebfe5c6a19635cfd51685ac842d6cb.jpg,EvacuationPlanDataset/EvacuationPlanDataset/test/labels/evctmap-8_jpg.rf.adebfe5c6a19635cfd51685ac842d6cb.txt,0,exit,1.0,158,124,22,28,,0.0
EvacuationPlanDataset/EvacuationPlanDataset/test/images/evctmap-8_jpg.rf.adebfe5c6a19635cfd51685ac842d6cb.jpg,EvacuationPlanDataset/EvacuationPlanDataset/test/labels/evctmap-8_jpg.rf.adebfe5c6a19635cfd51685ac842d6cb.txt,0,exit,1.0,518,360,22,31,,0.0
EvacuationPlanDataset/EvacuationPlanDataset/test/images/evctmappevacuation-floor-plan133_jpg.rf.f70a7d7fe9475fc61381d74494672a5a.jpg,EvacuationPlanDataset/EvacuationPlanDataset/test/labels/evctmappevacuation-floor-plan133_jpg.rf.f70a7d7fe9475fc61381d74494672a5a.txt,0,exit,1.0,165,212,8,13,,0.0
EvacuationPlanDataset/EvacuationPlanDataset/test/images/evctmappevacuation-floor-plan133_jpg.rf.f70a7d7fe9475fc61381d74494672a5a.jpg,EvacuationPlanDataset/EvacuationPlanDataset/test/labels/evctmappevacuation-floor-plan133_jpg.rf.f70a7d7fe9475fc61381d74494672a5a.txt,0,exit,1.0,128,140,8,14,,0.0
EvacuationPlanDataset/EvacuationPlanDataset/test/images/evctmappevacuation-floor-plan133_jpg.rf.f70a7d7fe9475fc61381d74494672a5a.jpg,EvacuationPlanDataset/EvacuationPlanDataset/test/labels/evctmappevacuation-floor-plan133_jpg.rf.f70a7d7fe9475fc61381d74494672a5a.txt,0,exit,1.0,189,70,8,14,,0.0
EvacuationPlanDataset/EvacuationPlanDataset/test/images/evctmappevacuation-floor-plan133_jpg.rf.f70a7d7fe9475fc61381d74494672a5a.jpg,EvacuationPlanDataset/EvacuationPlanDataset/test/labels/evctmappevacuation-floor-plan133_jpg.rf.f70a7d7fe9475fc61381d74494672a5a.txt,0,exit,1.0,358,110,8,14,,0.0
EvacuationPlanDataset/EvacuationPlanDataset/test/images/evctmappevacuation-floor-plan133_jpg.rf.f70a7d7fe9475fc61381d74494672a5a.jpg,EvacuationPlanDataset/EvacuationPlanDataset/test/labels/evctmappevacuation-floor-plan133_jpg.rf.f70a7d7fe9475fc61381d74494672a5a.txt,0,exit,1.0,488,350,9,14,,0.0
EvacuationPlanDataset/EvacuationPlanDataset/test/images/evctmappevacuation-floor-plan133_jpg.rf.f70a7d7fe9475fc61381d74494672a5a.jpg,EvacuationPlanDataset/EvacuationPlanDataset/test/labels/evctmappevacuation-floor-plan133_jpg.rf.f70a7d7fe9475fc61381d74494672a5a.txt,0,exit,1.0,587,433,8,15,,0.0
EvacuationPlanDataset/EvacuationPlanDataset/test/images/evctmappevacuation-floor-plan182_jpg.rf.cc7bf26b43f07c1072f8a20ddc3a6cf3.jpg,EvacuationPlanDataset/EvacuationPlanDataset/test/labels/evctmappevacuation-floor-plan182_jpg.rf.cc7bf26b43f07c1072f8a20ddc3a6cf3.txt,1,fire_extinguisher,1.0,62,254,15,17,,0.0
EvacuationPlanDataset/EvacuationPlanDataset/test/images/evctmappevacuation-floor-plan182_jpg.rf.cc7bf26b43f07c1072f8a20ddc3a6cf3.jpg,EvacuationPlanDataset/EvacuationPlanDataset/test/labels/evctmappevacuation-floor-plan182_jpg.rf.cc7bf26b43f07c1072f8a20ddc3a6cf3.txt,1,fire_extinguisher,1.0,336,215,12,16,,0.0
EvacuationPlanDataset/EvacuationPlanDataset/test/images/evctmappevacuation-floor-plan182_jpg.rf.cc7bf26b43f07c1072f8a20ddc3a6cf3.jpg,EvacuationPlanDataset/EvacuationPlanDataset/test/labels/evctmappevacuation-floor-plan182_jpg.rf.cc7bf26b43f07c1072f8a20ddc3a6cf3.txt,1,fire_extinguisher,1.0,404,284,14,16,#t,0.0633
EvacuationPlanDataset/EvacuationPlanDataset/test/images/evctmappevacuation-floor-plan182_jpg.rf.cc7bf26b43f07c1072f8a20ddc3a6cf3.jpg,EvacuationPlanDataset/EvacuationPlanDataset/test/labels/evctmappevacuation-floor-plan182_jpg.rf.cc7bf26b43f07c1072f8a20ddc3a6cf3.txt,1,fire_extinguisher,1.0,519,224,11,14,,0.0
EvacuationPlanDataset/EvacuationPlanDataset/test/images/evctmappevacuation-floor-plan182_jpg.rf.cc7bf26b43f07c1072f8a20ddc3a6cf3.jpg,EvacuationPlanDataset/EvacuationPlanDataset/test/labels/evctmappevacuation-floor-plan182_jpg.rf.cc7bf26b43f07c1072f8a20ddc3a6cf3.txt,1,fire_extinguisher,1.0,518,323,14,16,,0.0
EvacuationPlanDataset/EvacuationPlanDataset/test/images/evctmappevacuation-floor-plan182_jpg.rf.cc7bf26b43f07c1072f8a20ddc3a6cf3.jpg,EvacuationPlanDataset/EvacuationPlanDataset/test/labels/evctmappevacuation-floor-plan182_jpg.rf.cc7bf26b43f07c1072f8a20ddc3a6cf3.txt,1,fire_extinguisher,1.0,308,298,12,16,p,0.3119
EvacuationPlanDataset/EvacuationPlanDataset/test/images/evctmappevacuation-floor-plan182_jpg.rf.cc7bf26b43f07c1072f8a20ddc3a6cf3.jpg,EvacuationPlanDataset/EvacuationPlanDataset/test/labels/evctmappevacuation-floor-plan182_jpg.rf.cc7bf26b43f07c1072f8a20ddc3a6cf3.txt,1,fire_extinguisher,1.0,256,321,12,16,,0.0
EvacuationPlanDataset/EvacuationPlanDataset/test/images/evctmappevacuation-floor-plan182_jpg.rf.cc7bf26b43f07c1072f8a20ddc3a6cf3.jpg,EvacuationPlanDataset/EvacuationPlanDataset/test/labels/evctmappevacuation-floor-plan182_jpg.rf.cc7bf26b43f07c1072f8a20ddc3a6cf3.txt,1,fire_extinguisher,1.0,259,503,12,15,,0.0
EvacuationPlanDataset/EvacuationPlanDataset/test/images/evctmappevacuation-floor-plan337_jpg.rf.1d5de6e03d4ef2ec893c6f4997072e96.jpg,EvacuationPlanDataset/EvacuationPlanDataset/test/labels/evctmappevacuation-floor-plan337_jpg.rf.1d5de6e03d4ef2ec893c6f4997072e96.txt,1,fire_extinguisher,1.0,208,228,14,28,,0.0
EvacuationPlanDataset/EvacuationPlanDataset/test/images/evctmappevacuation-floor-plan337_jpg.rf.1d5de6e03d4ef2ec893c6f4997072e96.jpg,EvacuationPlanDataset/EvacuationPlanDataset/test/labels/evctmappevacuation-floor-plan337_jpg.rf.1d5de6e03d4ef2ec893c6f4997072e96.txt,1,fire_extinguisher,1.0,292,228,15,27,,0.0
EvacuationPlanDataset/EvacuationPlanDataset/test/images/evctmappevacuation-floor-plan337_jpg.rf.1d5de6e03d4ef2ec893c6f4997072e96.jpg,EvacuationPlanDataset/EvacuationPlanDataset/test/labels/evctmappevacuation-floor-plan337_jpg.rf.1d5de6e03d4ef2ec893c6f4997072e96.txt,1,fire_extinguisher,1.0,376,229,18,28,,0.0
EvacuationPlanDataset/EvacuationPlanDataset/test/images/evctmappevacuation-floor-plan337_jpg.rf.1d5de6e03d4ef2ec893c6f4997072e96.jpg,EvacuationPlanDataset/EvacuationPlanDataset/test/labels/evctmappevacuation-floor-plan337_jpg.rf.1d5de6e03d4ef2ec893c6f4997072e96.txt,0,exit,1.0,248,550,16,24,,0.0
EvacuationPlanDataset/EvacuationPlanDataset/test/images/evctmappevacuation-floor-plan382_jpg.rf.49a06755b676fc57d07f85143bcbd26a.jpg,EvacuationPlanDataset/EvacuationPlanDataset/test/labels/evctmappevacuation-floor-plan382_jpg.rf.49a06755b676fc57d07f85143bcbd26a.txt,1,fire_extinguisher,1.0,36,284,14,24,,0.0
EvacuationPlanDataset/EvacuationPlanDataset/test/images/evctmappevacuation-floor-plan382_jpg.rf.49a06755b676fc57d07f85143bcbd26a.jpg,EvacuationPlanDataset/EvacuationPlanDataset/test/labels/evctmappevacuation-floor-plan382_jpg.rf.49a06755b676fc57d07f85143bcbd26a.txt,0,exit,1.0,33,372,20,26,,0.0
EvacuationPlanDataset/EvacuationPlanDataset/test/images/evctmappevacuation-floor-plan382_jpg.rf.49a06755b676fc57d07f85143bcbd26a.jpg,EvacuationPlanDataset/EvacuationPlanDataset/test/labels/evctmappevacuation-floor-plan382_jpg.rf.49a06755b676fc57d07f85143bcbd26a.txt,0,exit,1.0,131,196,22,32,,0.0
EvacuationPlanDataset/EvacuationPlanDataset/test/images/evctmappevacuation-floor-plan382_jpg.rf.49a06755b676fc57d07f85143bcbd26a.jpg,EvacuationPlanDataset/EvacuationPlanDataset/test/labels/evctmappevacuation-floor-plan382_jpg.rf.49a06755b676fc57d07f85143bcbd26a.txt,1,fire_extinguisher,1.0,375,106,16,30,,0.0
EvacuationPlanDataset/EvacuationPlanDataset/test/images/evctmappevacuation-floor-plan382_jpg.rf.49a06755b676fc57d07f85143bcbd26a.jpg,EvacuationPlanDataset/EvacuationPlanDataset/test/labels/evctmappevacuation-floor-plan382_jpg.rf.49a06755b676fc57d07f85143bcbd26a.txt,0,exit,1.0,416,185,22,33,,0.0
EvacuationPlanDataset/EvacuationPlanDataset/test/images/evctmappevacuation-floor-plan382_jpg.rf.49a06755b676fc57d07f85143bcbd26a.jpg,EvacuationPlanDataset/EvacuationPlanDataset/test/labels/evctmappevacuation-floor-plan382_jpg.rf.49a06755b676fc57d07f85143bcbd26a.txt,0,exit,1.0,581,148,22,33,,0.0
EvacuationPlanDataset/EvacuationPlanDataset/test/images/evctmappevacuation-floor-plan382_jpg.rf.49a06755b676fc57d07f85143bcbd26a.jpg,EvacuationPlanDataset/EvacuationPlanDataset/test/labels/evctmappevacuation-floor-plan382_jpg.rf.49a06755b676fc57d07f85143bcbd26a.txt,0,exit,1.0,548,276,21,32,,0.0
EvacuationPlanDataset/EvacuationPlanDataset/test/images/evctmappevacuation-floor-plan634_jpg.rf.0fbaeb42297e005d1a4aa528d05bc931.jpg,EvacuationPlanDataset/EvacuationPlanDataset/test/labels/evctmappevacuation-floor-plan634_jpg.rf.0fbaeb42297e005d1a4aa528d05bc931.txt,1,fire_extinguisher,1.0,31,131,19,30,,0.0
EvacuationPlanDataset/EvacuationPlanDataset/test/images/evctmappevacuation-floor-plan634_jpg.rf.0fbaeb42297e005d1a4aa528d05bc931.jpg,EvacuationPlanDataset/EvacuationPlanDataset/test/labels/evctmappevacuation-floor-plan634_jpg.rf.0fbaeb42297e005d1a4aa528d05bc931.txt,1,fire_extinguisher,1.0,529,212,32,44,,0.0
EvacuationPlanDataset/EvacuationPlanDataset/test/images/evctmappevacuation-floor-plan634_jpg.rf.0fbaeb42297e005d1a4aa528d05bc931.jpg,EvacuationPlanDataset/EvacuationPlanDataset/test/labels/evctmappevacuation-floor-plan634_jpg.rf.0fbaeb42297e005d1a4aa528d05bc931.txt,1,fire_extinguisher,1.0,442,269,24,41,,0.0
EvacuationPlanDataset/EvacuationPlanDataset/test/images/evctmappevacuation-floor-plan634_jpg.rf.0fbaeb42297e005d1a4aa528d05bc931.jpg,EvacuationPlanDataset/EvacuationPlanDataset/test/labels/evctmappevacuation-floor-plan634_jpg.rf.0fbaeb42297e005d1a4aa528d05bc931.txt,1,fire_extinguisher,1.0,152,421,21,40,,0.0
EvacuationPlanDataset/EvacuationPlanDataset/test/images/evctmappevacuation-floor-plan657_jpg.rf.0fc522c8bd3d2eba126901704195ddc0.jpg,EvacuationPlanDataset/EvacuationPlanDataset/test/labels/evctmappevacuation-floor-plan657_jpg.rf.0fc522c8bd3d2eba126901704195ddc0.txt,1,fire_extinguisher,1.0,527,94,17,25,,0.0
EvacuationPlanDataset/EvacuationPlanDataset/test/images/evctmappevacuation-floor-plan657_jpg.rf.0fc522c8bd3d2eba126901704195ddc0.jpg,EvacuationPlanDataset/EvacuationPlanDataset/test/labels/evctmappevacuation-floor-plan657_jpg.rf.0fc522c8bd3d2eba126901704195ddc0.txt,0,exit,1.0,525,154,12,15,,0.0
EvacuationPlanDataset/EvacuationPlanDataset/test/images/evctmappevacuation-floor-plan657_jpg.rf.0fc522c8bd3d2eba126901704195ddc0.jpg,EvacuationPlanDataset/EvacuationPlanDataset/test/labels/evctmappevacuation-floor-plan657_jpg.rf.0fc522c8bd3d2eba126901704195ddc0.txt,1,fire_extinguisher,1.0,404,219,16,26,,0.0
EvacuationPlanDataset/EvacuationPlanDataset/test/images/evctmappevacuation-floor-plan657_jpg.rf.0fc522c8bd3d2eba126901704195ddc0.jpg,EvacuationPlanDataset/EvacuationPlanDataset/test/labels/evctmappevacuation-floor-plan657_jpg.rf.0fc522c8bd3d2eba126901704195ddc0.txt,1,fire_extinguisher,1.0,342,258,16,24,,0.0
EvacuationPlanDataset/EvacuationPlanDataset/test/images/evctmappevacuation-floor-plan657_jpg.rf.0fc522c8bd3d2eba126901704195ddc0.jpg,EvacuationPlanDataset/EvacuationPlanDataset/test/labels/evctmappevacuation-floor-plan657_jpg.rf.0fc522c8bd3d2eba126901704195ddc0.txt,1,fire_extinguisher,1.0,328,256,13,26,Hl,0.024
EvacuationPlanDataset/EvacuationPlanDataset/test/images/evctmappevacuation-floor-plan657_jpg.rf.0fc522c8bd3d2eba126901704195ddc0.jpg,EvacuationPlanDataset/EvacuationPlanDataset/test/labels/evctmappevacuation-floor-plan657_jpg.rf.0fc522c8bd3d2eba126901704195ddc0.txt,0,exit,1.0,432,506,35,45,#,0.1592
EvacuationPlanDataset/EvacuationPlanDataset/test/images/evctmappevacuation-floor-plan657_jpg.rf.0fc522c8bd3d2eba126901704195ddc0.jpg,EvacuationPlanDataset/EvacuationPlanDataset/test/labels/evctmappevacuation-floor-plan657_jpg.rf.0fc522c8bd3d2eba126901704195ddc0.txt,1,fire_extinguisher,1.0,192,464,12,21,,0.0
EvacuationPlanDataset/EvacuationPlanDataset/test/images/evctmappevacuation-floor-plan657_jpg.rf.0fc522c8bd3d2eba126901704195ddc0.jpg,EvacuationPlanDataset/EvacuationPlanDataset/test/labels/evctmappevacuation-floor-plan657_jpg.rf.0fc522c8bd3d2eba126901704195ddc0.txt,1,fire_extinguisher,1.0,204,464,12,22,W,0.0567
EvacuationPlanDataset/EvacuationPlanDataset/test/images/evctmappevacuation-floor-plan91_jpg.rf.535645f7bbc22a342482ef94b352b3f9.jpg,EvacuationPlanDataset/EvacuationPlanDataset/test/labels/evctmappevacuation-floor-plan91_jpg.rf.535645f7bbc22a342482ef94b352b3f9.txt,1,fire_extinguisher,1.0,189,158,14,21,0,0.1401
EvacuationPlanDataset/EvacuationPlanDataset/test/images/evctmappevacuation-floor-plan91_jpg.rf.535645f7bbc22a342482ef94b352b3f9.jpg,EvacuationPlanDataset/EvacuationPlanDataset/test/labels/evctmappevacuation-floor-plan91_jpg.rf.535645f7bbc22a342482ef94b352b3f9.txt,1,fire_extinguisher,1.0,307,158,12,20,,0.0
EvacuationPlanDataset/EvacuationPlanDataset/test/images/evctmappevacuation-floor-plan91_jpg.rf.535645f7bbc22a342482ef94b352b3f9.jpg,EvacuationPlanDataset/EvacuationPlanDataset/test/labels/evctmappevacuation-floor-plan91_jpg.rf.535645f7bbc22a342482ef94b352b3f9.txt,1,fire_extinguisher,1.0,367,158,14,20,7,0.8141
EvacuationPlanDataset/EvacuationPlanDataset/test/images/evctmappevacuation-floor-plan91_jpg.rf.535645f7bbc22a342482ef94b352b3f9.jpg,EvacuationPlanDataset/EvacuationPlanDataset/test/labels/evctmappevacuation-floor-plan91_jpg.rf.535645f7bbc22a342482ef94b352b3f9.txt,1,fire_extinguisher,1.0,423,159,14,19,0,0.8523
EvacuationPlanDataset/EvacuationPlanDataset/test/images/evctmappevacuation-floor-plan91_jpg.rf.535645f7bbc22a342482ef94b352b3f9.jpg,EvacuationPlanDataset/EvacuationPlanDataset/test/labels/evctmappevacuation-floor-plan91_jpg.rf.535645f7bbc22a342482ef94b352b3f9.txt,1,fire_extinguisher,1.0,510,159,16,20,0,0.8583
EvacuationPlanDataset/EvacuationPlanDataset/test/images/evctmappevacuation-floor-plan91_jpg.rf.535645f7bbc22a342482ef94b352b3f9.jpg,EvacuationPlanDataset/EvacuationPlanDataset/test/labels/evctmappevacuation-floor-plan91_jpg.rf.535645f7bbc22a342482ef94b352b3f9.txt,1,fire_extinguisher,1.0,535,313,12,12,,0.0
EvacuationPlanDataset/EvacuationPlanDataset/test/images/evctmappevacuation-floor-plan91_jpg.rf.535645f7bbc22a342482ef94b352b3f9.jpg,EvacuationPlanDataset/EvacuationPlanDataset/test/labels/evctmappevacuation-floor-plan91_jpg.rf.535645f7bbc22a342482ef94b352b3f9.txt,1,fire_extinguisher,1.0,478,312,9,12,0,0.8786
EvacuationPlanDataset/EvacuationPlanDataset/test/images/evctmappevacuation-floor-plan91_jpg.rf.535645f7bbc22a342482ef94b352b3f9.jpg,EvacuationPlanDataset/EvacuationPlanDataset/test/labels/evctmappevacuation-floor-plan91_jpg.rf.535645f7bbc22a342482ef94b352b3f9.txt,1,fire_extinguisher,1.0,363,312,9,12,,0.0
EvacuationPlanDataset/EvacuationPlanDataset/test/images/evctmappevacuation-floor-plan91_jpg.rf.535645f7bbc22a342482ef94b352b3f9.jpg,EvacuationPlanDataset/EvacuationPlanDataset/test/labels/evctmappevacuation-floor-plan91_jpg.rf.535645f7bbc22a342482ef94b352b3f9.txt,1,fire_extinguisher,1.0,212,286,20,19,,0.0
EvacuationPlanDataset/EvacuationPlanDataset/test/images/evctmappevacuation-floor-plan91_jpg.rf.535645f7bbc22a342482ef94b352b3f9.jpg,EvacuationPlanDataset/EvacuationPlanDataset/test/labels/evctmappevacuation-floor-plan91_jpg.rf.535645f7bbc22a342482ef94b352b3f9.txt,1,fire_extinguisher,1.0,262,439,16,20,,0.0
EvacuationPlanDataset/EvacuationPlanDataset/test/images/evctmappevacuation-floor-plan91_jpg.rf.535645f7bbc22a342482ef94b352b3f9.jpg,EvacuationPlanDataset/EvacuationPlanDataset/test/labels/evctmappevacuation-floor-plan91_jpg.rf.535645f7bbc22a342482ef94b352b3f9.txt,1,fire_extinguisher,1.0,326,439,16,20,,0.0
EvacuationPlanDataset/EvacuationPlanDataset/test/images/evctmappevacuation-floor-plan91_jpg.rf.535645f7bbc22a342482ef94b352b3f9.jpg,EvacuationPlanDataset/EvacuationPlanDataset/test/labels/evctmappevacuation-floor-plan91_jpg.rf.535645f7bbc22a342482ef94b352b3f9.txt,1,fire_extinguisher,1.0,382,439,14,20,,0.0
EvacuationPlanDataset/EvacuationPlanDataset/test/images/evctmappevacuation-floor-plan91_jpg.rf.535645f7bbc22a342482ef94b352b3f9.jpg,EvacuationPlanDataset/EvacuationPlanDataset/test/labels/evctmappevacuation-floor-plan91_jpg.rf.535645f7bbc22a342482ef94b352b3f9.txt,1,fire_extinguisher,1.0,430,440,14,18,,0.0
EvacuationPlanDataset/EvacuationPlanDataset/test/images/evctmappevacuation-floor-plan91_jpg.rf.535645f7bbc22a342482ef94b352b3f9.jpg,EvacuationPlanDataset/EvacuationPlanDataset/test/labels/evctmappevacuation-floor-plan91_jpg.rf.535645f7bbc22a342482ef94b352b3f9.txt,1,fire_extinguisher,1.0,489,439,16,20,,0.0
EvacuationPlanDataset/EvacuationPlanDataset/test/images/evctmappevacuation-floor-plan91_jpg.rf.535645f7bbc22a342482ef94b352b3f9.jpg,EvacuationPlanDataset/EvacuationPlanDataset/test/labels/evctmappevacuation-floor-plan91_jpg.rf.535645f7bbc22a342482ef94b352b3f9.txt,1,fire_extinguisher,1.0,582,440,17,20,,0.0
EvacuationPlanDataset/EvacuationPlanDataset/test/images/evctmapppevacuation-diagram125_jpg.rf.1d67aa7f8992678754605079f3d951f2.jpg,EvacuationPlanDataset/EvacuationPlanDataset/test/labels/evctmapppevacuation-diagram125_jpg.rf.1d67aa7f8992678754605079f3d951f2.txt,0,exit,1.0,192,154,11,17,,0.0
EvacuationPlanDataset/EvacuationPlanDataset/test/images/evctmapppevacuation-diagram125_jpg.rf.1d67aa7f8992678754605079f3d951f2.jpg,EvacuationPlanDataset/EvacuationPlanDataset/test/labels/evctmapppevacuation-diagram125_jpg.rf.1d67aa7f8992678754605079f3d951f2.txt,0,exit,1.0,232,204,11,16,3,0.2191
EvacuationPlanDataset/EvacuationPlanDataset/test/images/evctmapppevacuation-diagram125_jpg.rf.1d67aa7f8992678754605079f3d951f2.jpg,EvacuationPlanDataset/EvacuationPlanDataset/test/labels/evctmapppevacuation-diagram125_jpg.rf.1d67aa7f8992678754605079f3d951f2.txt,1,fire_extinguisher,1.0,190,284,12,20,,0.0
EvacuationPlanDataset/EvacuationPlanDataset/test/images/evctmapppevacuation-diagram125_jpg.rf.1d67aa7f8992678754605079f3d951f2.jpg,EvacuationPlanDataset/EvacuationPlanDataset/test/labels/evctmapppevacuation-diagram125_jpg.rf.1d67aa7f8992678754605079f3d951f2.txt,1,fire_extinguisher,1.0,252,477,12,20,,0.0
EvacuationPlanDataset/EvacuationPlanDataset/test/images/evctmapppevacuation-diagram125_jpg.rf.1d67aa7f8992678754605079f3d951f2.jpg,EvacuationPlanDataset/EvacuationPlanDataset/test/labels/evctmapppevacuation-diagram125_jpg.rf.1d67aa7f8992678754605079f3d951f2.txt,0,exit,1.0,162,477,13,20,@=,0.1709
EvacuationPlanDataset/EvacuationPlanDataset/test/images/evctmapppevacuation-diagram129_jpg.rf.29283c49df0becc4e57334af4dcaa990.jpg,EvacuationPlanDataset/EvacuationPlanDataset/test/labels/evctmapppevacuation-diagram129_jpg.rf.29283c49df0becc4e57334af4dcaa990.txt,0,exit,1.0,67,162,14,20,,0.0
EvacuationPlanDataset/EvacuationPlanDataset/test/images/evctmapppevacuation-diagram129_jpg.rf.29283c49df0becc4e57334af4dcaa990.jpg,EvacuationPlanDataset/EvacuationPlanDataset/test/labels/evctmapppevacuation-diagram129_jpg.rf.29283c49df0becc4e57334af4dcaa990.txt,1,fire_extinguisher,1.0,136,202,14,24,,0.0
EvacuationPlanDataset/EvacuationPlanDataset/test/images/evctmapppevacuation-diagram129_jpg.rf.29283c49df0becc4e57334af4dcaa990.jpg,EvacuationPlanDataset/EvacuationPlanDataset/test/labels/evctmapppevacuation-diagram129_jpg.rf.29283c49df0becc4e57334af4dcaa990.txt,1,fire_extinguisher,1.0,203,181,16,28,,0.0
EvacuationPlanDataset/EvacuationPlanDataset/test/images/evctmapppevacuation-diagram129_jpg.rf.29283c49df0becc4e57334af4dcaa990.jpg,EvacuationPlanDataset/EvacuationPlanDataset/test/labels/evctmapppevacuation-diagram129_jpg.rf.29283c49df0becc4e57334af4dcaa990.txt,1,fire_extinguisher,1.0,232,143,14,24,I1,0.2787
EvacuationPlanDataset/EvacuationPlanDataset/test/images/evctmapppevacuation-diagram129_jpg.rf.29283c49df0becc4e57334af4dcaa990.jpg,EvacuationPlanDataset/EvacuationPlanDataset/test/labels/evctmapppevacuation-diagram129_jpg.rf.29283c49df0becc4e57334af4dcaa990.txt,1,fire_extinguisher,1.0,353,265,13,22,,0.0
EvacuationPlanDataset/EvacuationPlanDataset/test/images/evctmapppevacuation-diagram129_jpg.rf.29283c49df0becc4e57334af4dcaa990.jpg,EvacuationPlanDataset/EvacuationPlanDataset/test/labels/evctmapppevacuation-diagram129_jpg.rf.29283c49df0becc4e57334af4dcaa990.txt,0,exit,1.0,372,214,10,14,,0.0
EvacuationPlanDataset/EvacuationPlanDataset/test/images/evctmapppevacuation-diagram129_jpg.rf.29283c49df0becc4e57334af4dcaa990.jpg,EvacuationPlanDataset/EvacuationPlanDataset/test/labels/evctmapppevacuation-diagram129_jpg.rf.29283c49df0becc4e57334af4dcaa990.txt,1,fire_extinguisher,1.0,218,584,16,32,,0.0
EvacuationPlanDataset/EvacuationPlanDataset/test/images/evctmapppevacuation-diagram129_jpg.rf.29283c49df0becc4e57334af4dcaa990.jpg,EvacuationPlanDataset/EvacuationPlanDataset/test/labels/evctmapppevacuation-diagram129_jpg.rf.29283c49df0becc4e57334af4dcaa990.txt,1,fire_extinguisher,1.0,247,584,18,32,,0.0
EvacuationPlanDataset/EvacuationPlanDataset/test/images/evctmapppevacuation-diagram129_jpg.rf.29283c49df0becc4e57334af4dcaa990.jpg,EvacuationPlanDataset/EvacuationPlanDataset/test/labels/evctmapppevacuation-diagram129_jpg.rf.29283c49df0becc4e57334af4dcaa990.txt,0,exit,1.0,148,587,17,28,,0.0
EvacuationPlanDataset/EvacuationPlanDataset/test/images/evctmapppevacuation-diagram243_jpg.rf.f8aaf7212dc61e419203a8c2158d84df.jpg,EvacuationPlanDataset/EvacuationPlanDataset/test/labels/evctmapppevacuation-diagram243_jpg.rf.f8aaf7212dc61e419203a8c2158d84df.txt,0,exit,1.0,452,329,33,24,,0.0
EvacuationPlanDataset/EvacuationPlanDataset/test/images/evctmapppevacuation-diagram243_jpg.rf.f8aaf7212dc61e419203a8c2158d84df.jpg,EvacuationPlanDataset/EvacuationPlanDataset/test/labels/evctmapppevacuation-diagram243_jpg.rf.f8aaf7212dc61e419203a8c2158d84df.txt,0,exit,1.0,332,466,30,24,,0.0
EvacuationPlanDataset/EvacuationPlanDataset/test/images/evctmapppevacuation-diagram243_jpg.rf.f8aaf7212dc61e419203a8c2158d84df.jpg,EvacuationPlanDataset/EvacuationPlanDataset/test/labels/evctmapppevacuation-diagram243_jpg.rf.f8aaf7212dc61e419203a8c2158d84df.txt,0,exit,1.0,319,541,32,24,,0.0
EvacuationPlanDataset/EvacuationPlanDataset/test/images/evctmapppevacuation-diagram243_jpg.rf.f8aaf7212dc61e419203a8c2158d84df.jpg,EvacuationPlanDataset/EvacuationPlanDataset/test/labels/evctmapppevacuation-diagram243_jpg.rf.f8aaf7212dc61e419203a8c2158d84df.txt,0,exit,1.0,16,582,34,24,,0.0
EvacuationPlanDataset/EvacuationPlanDataset/test/images/evctmapppevacuation-diagram249_jpg.rf.dc105ec7f05dc27afc66d45c0c2768a6.jpg,EvacuationPlanDataset/EvacuationPlanDataset/test/labels/evctmapppevacuation-diagram249_jpg.rf.dc105ec7f05dc27afc66d45c0c2768a6.txt,0,exit,1.0,549,520,18,28,,0.0
EvacuationPlanDataset/EvacuationPlanDataset/test/images/evctmapppevacuation-diagram249_jpg.rf.dc105ec7f05dc27afc66d45c0c2768a6.jpg,EvacuationPlanDataset/EvacuationPlanDataset/test/labels/evctmapppevacuation-diagram249_jpg.rf.dc105ec7f05dc27afc66d45c0c2768a6.txt,0,exit,1.0,468,407,10,14,,0.0
EvacuationPlanDataset/EvacuationPlanDataset/test/images/evctmapppevacuation-diagram249_jpg.rf.dc105ec7f05dc27afc66d45c0c2768a6.jpg,EvacuationPlanDataset/EvacuationPlanDataset/test/labels/evctmapppevacuation-diagram249_jpg.rf.dc105ec7f05dc27afc66d45c0c2768a6.txt,0,exit,1.0,424,447,8,12,,0.0
EvacuationPlanDataset/EvacuationPlanDataset/test/images/evctmapppevacuation-diagram249_jpg.rf.dc105ec7f05dc27afc66d45c0c2768a6.jpg,EvacuationPlanDataset/EvacuationPlanDataset/test/labels/evctmapppevacuation-diagram249_jpg.rf.dc105ec7f05dc27afc66d45c0c2768a6.txt,0,exit,1.0,376,159,10,14,,0.0
EvacuationPlanDataset/EvacuationPlanDataset/test/images/evctmapppevacuation-diagram249_jpg.rf.dc105ec7f05dc27afc66d45c0c2768a6.jpg,EvacuationPlanDataset/EvacuationPlanDataset/test/labels/evctmapppevacuation-diagram249_jpg.rf.dc105ec7f05dc27afc66d45c0c2768a6.txt,0,exit,1.0,314,180,10,14,,0.0
EvacuationPlanDataset/EvacuationPlanDataset/test/images/evctmapppevacuation-diagram249_jpg.rf.dc105ec7f05dc27afc66d45c0c2768a6.jpg,EvacuationPlanDataset/EvacuationPlanDataset/test/labels/evctmapppevacuation-diagram249_jpg.rf.dc105ec7f05dc27afc66d45c0c2768a6.txt,1,fire_extinguisher,1.0,256,524,15,28,,0.0
EvacuationPlanDataset/EvacuationPlanDataset/test/images/evctmapppevacuation-diagram249_jpg.rf.dc105ec7f05dc27afc66d45c0c2768a6.jpg,EvacuationPlanDataset/EvacuationPlanDataset/test/labels/evctmapppevacuation-diagram249_jpg.rf.dc105ec7f05dc27afc66d45c0c2768a6.txt,1,fire_extinguisher,1.0,360,392,10,18,,0.0
EvacuationPlanDataset/EvacuationPlanDataset/test/images/evctmapppevacuation-diagram249_jpg.rf.dc105ec7f05dc27afc66d45c0c2768a6.jpg,EvacuationPlanDataset/EvacuationPlanDataset/test/labels/evctmapppevacuation-diagram249_jpg.rf.dc105ec7f05dc27afc66d45c0c2768a6.txt,1,fire_extinguisher,1.0,304,278,9,18,5,0.2737
EvacuationPlanDataset/EvacuationPlanDataset/test/images/evctmapppevacuation-diagram249_jpg.rf.dc105ec7f05dc27afc66d45c0c2768a6.jpg,EvacuationPlanDataset/EvacuationPlanDataset/test/labels/evctmapppevacuation-diagram249_jpg.rf.dc105ec7f05dc27afc66d45c0c2768a6.txt,1,fire_extinguisher,1.0,276,134,9,16,D,0.1497
EvacuationPlanDataset/EvacuationPlanDataset/test/images/evctmapppevacuation-diagram249_jpg.rf.dc105ec7f05dc27afc66d45c0c2768a6.jpg,EvacuationPlanDataset/EvacuationPlanDataset/test/labels/evctmapppevacuation-diagram249_jpg.rf.dc105ec7f05dc27afc66d45c0c2768a6.txt,1,fire_extinguisher,1.0,508,348,12,18,,0.0
EvacuationPlanDataset/EvacuationPlanDataset/test/images/evctmapppevacuation-diagram379_jpg.rf.79a582f99c8f3bc78c774632c846eb7a.jpg,EvacuationPlanDataset/EvacuationPlanDataset/test/labels/evctmapppevacuation-diagram379_jpg.rf.79a582f99c8f3bc78c774632c846eb7a.txt,0,exit,1.0,82,581,24,20,,0.0
EvacuationPlanDataset/EvacuationPlanDataset/test/images/evctmapppevacuation-diagram379_jpg.rf.79a582f99c8f3bc78c774632c846eb7a.jpg,EvacuationPlanDataset/EvacuationPlanDataset/test/labels/evctmapppevacuation-diagram379_jpg.rf.79a582f99c8f3bc78c774632c846eb7a.txt,1,fire_extinguisher,1.0,310,527,15,22,,0.0
EvacuationPlanDataset/EvacuationPlanDataset/test/images/evctmapppevacuation-diagram379_jpg.rf.79a582f99c8f3bc78c774632c846eb7a.jpg,EvacuationPlanDataset/EvacuationPlanDataset/test/labels/evctmapppevacuation-diagram379_jpg.rf.79a582f99c8f3bc78c774632c846eb7a.txt,1,fire_extinguisher,1.0,227,527,12,22,,0.0
EvacuationPlanDataset/EvacuationPlanDataset/test/images/evctmapppevacuation-diagram379_jpg.rf.79a582f99c8f3bc78c774632c846eb7a.jpg,EvacuationPlanDataset/EvacuationPlanDataset/test/labels/evctmapppevacuation-diagram379_jpg.rf.79a582f99c8f3bc78c774632c846eb7a.txt,1,fire_extinguisher,1.0,401,528,12,22,,0.0
EvacuationPlanDataset/EvacuationPlanDataset/test/images/evctmapppevacuation-diagram379_jpg.rf.79a582f99c8f3bc78c774632c846eb7a.jpg,EvacuationPlanDataset/EvacuationPlanDataset/test/labels/evctmapppevacuation-diagram379_jpg.rf.79a582f99c8f3bc78c774632c846eb7a.txt,1,fire_extinguisher,1.0,485,526,18,22,2,0.616
EvacuationPlanDataset/EvacuationPlanDataset/test/images/evctmapppevacuation-diagram488_jpg.rf.68321cf90f77f64257767af5abbe12e7.jpg,EvacuationPlanDataset/EvacuationPlanDataset/test/labels/evctmapppevacuation-diagram488_jpg.rf.68321cf90f77f64257767af5abbe12e7.txt,0,exit,1.0,363,203,12,16,,0.0
EvacuationPlanDataset/EvacuationPlanDataset/test/images/evctmapppevacuation-diagram488_jpg.rf.68321cf90f77f64257767af5abbe12e7.jpg,EvacuationPlanDataset/EvacuationPlanDataset/test/labels/evctmapppevacuation-diagram488_jpg.rf.68321cf90f77f64257767af5abbe12e7.txt,0,exit,1.0,138,294,8,13,,0.0
EvacuationPlanDataset/EvacuationPlanDataset/test/images/evctmapppevacuation-diagram488_jpg.rf.68321cf90f77f64257767af5abbe12e7.jpg,EvacuationPlanDataset/EvacuationPlanDataset/test/labels/evctmapppevacuation-diagram488_jpg.rf.68321cf90f77f64257767af5abbe12e7.txt,0,exit,1.0,191,393,8,14,,0.0
EvacuationPlanDataset/EvacuationPlanDataset/test/images/evctmapppevacuation-diagram488_jpg.rf.68321cf90f77f64257767af5abbe12e7.jpg,EvacuationPlanDataset/EvacuationPlanDataset/test/labels/evctmapppevacuation-diagram488_jpg.rf.68321cf90f77f64257767af5abbe12e7.txt,1,fire_extinguisher,1.0,393,257,14,32,,0.0
EvacuationPlanDataset/EvacuationPlanDataset/test/images/evctmapppevacuation-diagram97_jpg.rf.8b1a237c42bd95e74003652528a2c002.jpg,EvacuationPlanDataset/EvacuationPlanDataset/test/labels/evctmapppevacuation-diagram97_jpg.rf.8b1a237c42bd95e74003652528a2c002.txt,0,exit,1.0,178,254,15,19,,0.0
EvacuationPlanDataset/EvacuationPlanDataset/test/images/evctmapppevacuation-diagram97_jpg.rf.8b1a237c42bd95e74003652528a2c002.jpg,EvacuationPlanDataset/EvacuationPlanDataset/test/labels/evctmapppevacuation-diagram97_jpg.rf.8b1a237c42bd95e74003652528a2c002.txt,1,fire_extinguisher,1.0,282,260,10,17,,0.0
EvacuationPlanDataset/EvacuationPlanDataset/test/images/evctmapppevacuation-diagram97_jpg.rf.8b1a237c42bd95e74003652528a2c002.jpg,EvacuationPlanDataset/EvacuationPlanDataset/test/labels/evctmapppevacuation-diagram97_jpg.rf.8b1a237c42bd95e74003652528a2c002.txt,0,exit,1.0,365,258,14,18,,0.0
EvacuationPlanDataset/EvacuationPlanDataset/test/images/evctmapppevacuation-diagram97_jpg.rf.8b1a237c42bd95e74003652528a2c002.jpg,EvacuationPlanDataset/EvacuationPlanDataset/test/labels/evctmapppevacuation-diagram97_jpg.rf.8b1a237c42bd95e74003652528a2c002.txt,0,exit,1.0,514,353,14,18,,0.0
EvacuationPlanDataset/EvacuationPlanDataset/test/images/evctmapppevacuation-diagram97_jpg.rf.8b1a237c42bd95e74003652528a2c002.jpg,EvacuationPlanDataset/EvacuationPlanDataset/test/labels/evctmapppevacuation-diagram97_jpg.rf.8b1a237c42bd95e74003652528a2c002.txt,0,exit,1.0,361,474,13,15,,0.0
EvacuationPlanDataset/EvacuationPlanDataset/test/images/evctmapppevacuation-diagram97_jpg.rf.8b1a237c42bd95e74003652528a2c002.jpg,EvacuationPlanDataset/EvacuationPlanDataset/test/labels/evctmapppevacuation-diagram97_jpg.rf.8b1a237c42bd95e74003652528a2c002.txt,1,fire_extinguisher,1.0,304,476,9,14,,0.0
EvacuationPlanDataset/EvacuationPlanDataset/test/images/evctmapppevacuation-diagram97_jpg.rf.8b1a237c42bd95e74003652528a2c002.jpg,EvacuationPlanDataset/EvacuationPlanDataset/test/labels/evctmapppevacuation-diagram97_jpg.rf.8b1a237c42bd95e74003652528a2c002.txt,0,exit,1.0,288,432,14,18,,0.0
