image,id,type,passed_checks,failed_checks
KakaoTalk_20240319_133126275_jpg.rf.b10b770156fad18531f735afa211f6b6.jpg,KakaoTalk_20240319_133126275_jpg.rf.b10b770156fad18531f735afa211f6b6.jpg_FIREEXTINGUISHER_0,FIREEXTINGUISHER,,FireExtinguisher Confidence TOO LOW
,KakaoTalk_20240319_133126275_jpg.rf.b10b770156fad18531f735afa211f6b6.jpg,unknown,,
KakaoTalk_20240325_162133706_04_jpg.rf.470f2fd4b0e4d6a203d659c3ac2ff49b.jpg,KakaoTalk_20240325_162133706_04_jpg.rf.470f2fd4b0e4d6a203d659c3ac2ff49b.jpg_FIREEXTINGUISHER_1,FIREEXTINGUISHER,,FireExtinguisher Confidence TOO LOW
,KakaoTalk_20240325_162133706_04_jpg.rf.470f2fd4b0e4d6a203d659c3ac2ff49b.jpg,unknown,,
KakaoTalk_20240325_162133706_06_jpg.rf.6ab13f86d2b307e02c69f678f1ab4042.jpg,KakaoTalk_20240325_162133706_06_jpg.rf.6ab13f86d2b307e02c69f678f1ab4042.jpg_EXIT_0,EXIT,,Exit OCR MISSING
,KakaoTalk_20240325_162133706_06_jpg.rf.6ab13f86d2b307e02c69f678f1ab4042.jpg,unknown,,
KakaoTalk_20240325_162133706_07_jpg.rf.01e7a87e0d6bcc1aa3bb7d940d5b9bd9.jpg,KakaoTalk_20240325_162133706_07_jpg.rf.01e7a87e0d6bcc1aa3bb7d940d5b9bd9.jpg_EXIT_1,EXIT,,Exit OCR MISSING
,KakaoTalk_20240325_162133706_07_jpg.rf.01e7a87e0d6bcc1aa3bb7d940d5b9bd9.jpg,unknown,,
KakaoTalk_20240325_162133706_07_jpg.rf.5591e80f61f9e87b51c0e285b55ba7f5.jpg,KakaoTalk_20240325_162133706_07_jpg.rf.5591e80f61f9e87b51c0e285b55ba7f5.jpg_EXIT_2,EXIT,,Exit OCR MISSING
,KakaoTalk_20240325_162133706_07_jpg.rf.5591e80f61f9e87b51c0e285b55ba7f5.jpg,unknown,,
KakaoTalk_20240325_162133706_07_jpg.rf.f1cf771e1a92454ebd5fa2139e81de47.jpg,KakaoTalk_20240325_162133706_07_jpg.rf.f1cf771e1a92454ebd5fa2139e81de47.jpg_EXIT_3,EXIT,,Exit OCR MISSING
,KakaoTalk_20240325_162133706_07_jpg.rf.f1cf771e1a92454ebd5fa2139e81de47.jpg,unknown,,
KakaoTalk_20240330_153803899_01_jpg.rf.959cf5de93d52bfddbda353d8418c921.jpg,KakaoTalk_20240330_153803899_01_jpg.rf.959cf5de93d52bfddbda353d8418c921.jpg_EXIT_4,EXIT,,Exit OCR MISSING
,KakaoTalk_20240330_153803899_01_jpg.rf.959cf5de93d52bfddbda353d8418c921.jpg,unknown,,
KakaoTalk_20240330_153803899_01_jpg.rf.ae64b8a21d67a0f70c62d50e92ec626e.jpg,KakaoTalk_20240330_153803899_01_jpg.rf.ae64b8a21d67a0f70c62d50e92ec626e.jpg_EXIT_5,EXIT,,Exit OCR MISSING
,KakaoTalk_20240330_153803899_01_jpg.rf.ae64b8a21d67a0f70c62d50e92ec626e.jpg,unknown,,
KakaoTalk_20240330_153803899_01_jpg.rf.ae64b8a21d67a0f70c62d50e92ec626e.jpg,KakaoTalk_20240330_153803899_01_jpg.rf.ae64b8a21d67a0f70c62d50e92ec626e.jpg_EXIT_6,EXIT,,Exit OCR MISSING
KakaoTalk_20240330_153803899_02_jpg.rf.6b0204ee81d0a1c3bb8f5ececea71058.jpg,KakaoTalk_20240330_153803899_02_jpg.rf.6b0204ee81d0a1c3bb8f5ececea71058.jpg_EXIT_7,EXIT,,Exit OCR MISSING
,KakaoTalk_20240330_153803899_02_jpg.rf.6b0204ee81d0a1c3bb8f5ececea71058.jpg,unknown,,
KakaoTalk_20240330_153803899_02_jpg.rf.6b0204ee81d0a1c3bb8f5ececea71058.jpg,KakaoTalk_20240330_153803899_02_jpg.rf.6b0204ee81d0a1c3bb8f5ececea71058.jpg_EXIT_8,EXIT,,Exit OCR MISSING
KakaoTalk_20240330_153803899_02_jpg.rf.6b0204ee81d0a1c3bb8f5ececea71058.jpg,KakaoTalk_20240330_153803899_02_jpg.rf.6b0204ee81d0a1c3bb8f5ececea71058.jpg_EXIT_9,EXIT,,Exit OCR MISSING
KakaoTalk_20240330_153803899_02_jpg.rf.939a102bc7119b3636730fa7a78711c3.jpg,KakaoTalk_20240330_153803899_02_jpg.rf.939a102bc7119b3636730fa7a78711c3.jpg_EXIT_10,EXIT,,Exit OCR MISSING
,KakaoTalk_20240330_153803899_02_jpg.rf.939a102bc7119b3636730fa7a78711c3.jpg,unknown,,
KakaoTalk_20240330_153803899_02_jpg.rf.939a102bc7119b3636730fa7a78711c3.jpg,KakaoTalk_20240330_153803899_02_jpg.rf.939a102bc7119b3636730fa7a78711c3.jpg_EXIT_11,EXIT,,Exit OCR MISSING
KakaoTalk_20240330_153803899_02_jpg.rf.939a102bc7119b3636730fa7a78711c3.jpg,KakaoTalk_20240330_153803899_02_jpg.rf.939a102bc7119b3636730fa7a78711c3.jpg_EXIT_12,EXIT,,Exit OCR MISSING
KakaoTalk_20240330_153803899_03_jpg.rf.b1d221f32f89ed2f577301a6d24d86df.jpg,KakaoTalk_20240330_153803899_03_jpg.rf.b1d221f32f89ed2f577301a6d24d86df.jpg_EXIT_13,EXIT,,Exit OCR MISSING
,KakaoTalk_20240330_153803899_03_jpg.rf.b1d221f32f89ed2f577301a6d24d86df.jpg,unknown,,
KakaoTalk_20240330_153803899_03_jpg.rf.c367c568d1ebe367e7d4f8c604b6920a.jpg,KakaoTalk_20240330_153803899_03_jpg.rf.c367c568d1ebe367e7d4f8c604b6920a.jpg_EXIT_14,EXIT,,Exit OCR MISSING
,KakaoTalk_20240330_153803899_03_jpg.rf.c367c568d1ebe367e7d4f8c604b6920a.jpg,unknown,,
KakaoTalk_20240330_153803899_03_jpg.rf.c367c568d1ebe367e7d4f8c604b6920a.jpg,KakaoTalk_20240330_153803899_03_jpg.rf.c367c568d1ebe367e7d4f8c604b6920a.jpg_EXIT_15,EXIT,,Exit OCR MISSING
KakaoTalk_20240330_153803899_03_jpg.rf.c367c568d1ebe367e7d4f8c604b6920a.jpg,KakaoTalk_20240330_153803899_03_jpg.rf.c367c568d1ebe367e7d4f8c604b6920a.jpg_EXIT_16,EXIT,,Exit OCR MISSING
KakaoTalk_20240330_153803899_03_jpg.rf.c367c568d1ebe367e7d4f8c604b6920a.jpg,KakaoTalk_20240330_153803899_03_jpg.rf.c367c568d1ebe367e7d4f8c604b6920a.jpg_EXIT_17,EXIT,,Exit OCR MISSING
KakaoTalk_20240330_153803899_03_jpg.rf.f8819cfdc033ec7c6ef20d493312869d.jpg,KakaoTalk_20240330_153803899_03_jpg.rf.f8819cfdc033ec7c6ef20d493312869d.jpg_EXIT_18,EXIT,,Exit OCR MISSING
,KakaoTalk_20240330_153803899_03_jpg.rf.f8819cfdc033ec7c6ef20d493312869d.jpg,unknown,,
KakaoTalk_20240330_153803899_03_jpg.rf.f8819cfdc033ec7c6ef20d493312869d.jpg,KakaoTalk_20240330_153803899_03_jpg.rf.f8819cfdc033ec7c6ef20d493312869d.jpg_EXIT_19,EXIT,,Exit OCR MISSING
KakaoTalk_20240330_153803899_04_jpg.rf.0da9e56a974d8d355a93f9133fbcbbd1.jpg,KakaoTalk_20240330_153803899_04_jpg.rf.0da9e56a974d8d355a93f9133fbcbbd1.jpg_EXIT_20,EXIT,,Exit OCR MISSING
,KakaoTalk_20240330_153803899_04_jpg.rf.0da9e56a974d8d355a93f9133fbcbbd1.jpg,unknown,,
KakaoTalk_20240330_153803899_04_jpg.rf.0da9e56a974d8d355a93f9133fbcbbd1.jpg,KakaoTalk_20240330_153803899_04_jpg.rf.0da9e56a974d8d355a93f9133fbcbbd1.jpg_EXIT_21,EXIT,,Exit OCR MISSING
KakaoTalk_20240330_153803899_04_jpg.rf.579a9f7345ee4d5f9dcbebde299d7544.jpg,KakaoTalk_20240330_153803899_04_jpg.rf.579a9f7345ee4d5f9dcbebde299d7544.jpg_EXIT_22,EXIT,,Exit OCR MISSING
,KakaoTalk_20240330_153803899_04_jpg.rf.579a9f7345ee4d5f9dcbebde299d7544.jpg,unknown,,
KakaoTalk_20240330_153803899_04_jpg.rf.f218ad87d6cd4b8d44e4a1aa168901c4.jpg,KakaoTalk_20240330_153803899_04_jpg.rf.f218ad87d6cd4b8d44e4a1aa168901c4.jpg_EXIT_23,EXIT,,Exit OCR MISSING
,KakaoTalk_20240330_153803899_04_jpg.rf.f218ad87d6cd4b8d44e4a1aa168901c4.jpg,unknown,,
KakaoTalk_20240330_153803899_05_jpg.rf.0c119ec54703160bc8c474f60c8d1895.jpg,KakaoTalk_20240330_153803899_05_jpg.rf.0c119ec54703160bc8c474f60c8d1895.jpg_EXIT_24,EXIT,,Exit OCR MISSING
,KakaoTalk_20240330_153803899_05_jpg.rf.0c119ec54703160bc8c474f60c8d1895.jpg,unknown,,
KakaoTalk_20240330_153803899_05_jpg.rf.e4776cd62813e41ccc5e51aa97203213.jpg,KakaoTalk_20240330_153803899_05_jpg.rf.e4776cd62813e41ccc5e51aa97203213.jpg_EXIT_25,EXIT,,Exit OCR MISSING
,KakaoTalk_20240330_153803899_05_jpg.rf.e4776cd62813e41ccc5e51aa97203213.jpg,unknown,,
KakaoTalk_20240330_153803899_05_jpg.rf.e4776cd62813e41ccc5e51aa97203213.jpg,KakaoTalk_20240330_153803899_05_jpg.rf.e4776cd62813e41ccc5e51aa97203213.jpg_EXIT_26,EXIT,,Exit OCR MISSING
KakaoTalk_20240330_153803899_05_jpg.rf.f7c28aec03afdbd8c35406043df8dcec.jpg,KakaoTalk_20240330_153803899_05_jpg.rf.f7c28aec03afdbd8c35406043df8dcec.jpg_EXIT_27,EXIT,,Exit OCR MISSING
,KakaoTalk_20240330_153803899_05_jpg.rf.f7c28aec03afdbd8c35406043df8dcec.jpg,unknown,,
KakaoTalk_20240330_153803899_06_jpg.rf.2f23a961108e87e820e2ae586f99a692.jpg,KakaoTalk_20240330_153803899_06_jpg.rf.2f23a961108e87e820e2ae586f99a692.jpg_EXIT_28,EXIT,,Exit OCR MISSING
,KakaoTalk_20240330_153803899_06_jpg.rf.2f23a961108e87e820e2ae586f99a692.jpg,unknown,,
KakaoTalk_20240330_153803899_06_jpg.rf.2f23a961108e87e820e2ae586f99a692.jpg,KakaoTalk_20240330_153803899_06_jpg.rf.2f23a961108e87e820e2ae586f99a692.jpg_EXIT_29,EXIT,,Exit OCR MISSING
KakaoTalk_20240330_153803899_06_jpg.rf.2f23a961108e87e820e2ae586f99a692.jpg,KakaoTalk_20240330_153803899_06_jpg.rf.2f23a961108e87e820e2ae586f99a692.jpg_EXIT_30,EXIT,,Exit OCR MISSING
KakaoTalk_20240330_153803899_06_jpg.rf.dee67d32adad3fab8009044bdeb0c15b.jpg,KakaoTalk_20240330_153803899_06_jpg.rf.dee67d32adad3fab8009044bdeb0c15b.jpg_EXIT_31,EXIT,,Exit OCR MISSING
,KakaoTalk_20240330_153803899_06_jpg.rf.dee67d32adad3fab8009044bdeb0c15b.jpg,unknown,,
KakaoTalk_20240330_153803899_06_jpg.rf.dee67d32adad3fab8009044bdeb0c15b.jpg,KakaoTalk_20240330_153803899_06_jpg.rf.dee67d32adad3fab8009044bdeb0c15b.jpg_EXIT_32,EXIT,,Exit OCR MISSING
KakaoTalk_20240330_153803899_06_jpg.rf.fabefdeef536a091d8a7ddd45b5be7e5.jpg,KakaoTalk_20240330_153803899_06_jpg.rf.fabefdeef536a091d8a7ddd45b5be7e5.jpg_EXIT_33,EXIT,,Exit OCR MISSING
,KakaoTalk_20240330_153803899_06_jpg.rf.fabefdeef536a091d8a7ddd45b5be7e5.jpg,unknown,,
KakaoTalk_20240330_153803899_06_jpg.rf.fabefdeef536a091d8a7ddd45b5be7e5.jpg,KakaoTalk_20240330_153803899_06_jpg.rf.fabefdeef536a091d8a7ddd45b5be7e5.jpg_EXIT_34,EXIT,,Exit OCR MISSING
KakaoTalk_20240330_153803899_06_jpg.rf.fabefdeef536a091d8a7ddd45b5be7e5.jpg,KakaoTalk_20240330_153803899_06_jpg.rf.fabefdeef536a091d8a7ddd45b5be7e5.jpg_EXIT_35,EXIT,,Exit OCR MISSING
KakaoTalk_20240330_153803899_07_jpg.rf.6ef2d245f567fdf7844e8575739f6e5c.jpg,KakaoTalk_20240330_153803899_07_jpg.rf.6ef2d245f567fdf7844e8575739f6e5c.jpg_EXIT_36,EXIT,,Exit OCR MISSING
,KakaoTalk_20240330_153803899_07_jpg.rf.6ef2d245f567fdf7844e8575739f6e5c.jpg,unknown,,
KakaoTalk_20240330_153803899_07_jpg.rf.ace706353d428209c8978a79e7877db4.jpg,KakaoTalk_20240330_153803899_07_jpg.rf.ace706353d428209c8978a79e7877db4.jpg_EXIT_37,EXIT,,Exit OCR MISSING
,KakaoTalk_20240330_153803899_07_jpg.rf.ace706353d428209c8978a79e7877db4.jpg,unknown,,
KakaoTalk_20240330_153803899_07_jpg.rf.ace706353d428209c8978a79e7877db4.jpg,KakaoTalk_20240330_153803899_07_jpg.rf.ace706353d428209c8978a79e7877db4.jpg_EXIT_38,EXIT,,Exit OCR MISSING
KakaoTalk_20240330_153803899_07_jpg.rf.ace706353d428209c8978a79e7877db4.jpg,KakaoTalk_20240330_153803899_07_jpg.rf.ace706353d428209c8978a79e7877db4.jpg_EXIT_39,EXIT,,Exit OCR MISSING
KakaoTalk_20240330_153803899_08_jpg.rf.5b0d8da7b6c4118f11352f2174c133c7.jpg,KakaoTalk_20240330_153803899_08_jpg.rf.5b0d8da7b6c4118f11352f2174c133c7.jpg_EXIT_40,EXIT,,Exit OCR MISSING
,KakaoTalk_20240330_153803899_08_jpg.rf.5b0d8da7b6c4118f11352f2174c133c7.jpg,unknown,,
KakaoTalk_20240330_153803899_08_jpg.rf.5b0d8da7b6c4118f11352f2174c133c7.jpg,KakaoTalk_20240330_153803899_08_jpg.rf.5b0d8da7b6c4118f11352f2174c133c7.jpg_EXIT_41,EXIT,,Exit OCR MISSING
KakaoTalk_20240330_153803899_08_jpg.rf.5b0d8da7b6c4118f11352f2174c133c7.jpg,KakaoTalk_20240330_153803899_08_jpg.rf.5b0d8da7b6c4118f11352f2174c133c7.jpg_EXIT_42,EXIT,,Exit OCR MISSING
KakaoTalk_20240330_153803899_08_jpg.rf.5b0d8da7b6c4118f11352f2174c133c7.jpg,KakaoTalk_20240330_153803899_08_jpg.rf.5b0d8da7b6c4118f11352f2174c133c7.jpg_EXIT_43,EXIT,,Exit OCR MISSING
KakaoTalk_20240330_153803899_08_jpg.rf.9a71078ff8c3d1361bcad5f1ec704f7b.jpg,KakaoTalk_20240330_153803899_08_jpg.rf.9a71078ff8c3d1361bcad5f1ec704f7b.jpg_EXIT_44,EXIT,,Exit OCR MISSING
,KakaoTalk_20240330_153803899_08_jpg.rf.9a71078ff8c3d1361bcad5f1ec704f7b.jpg,unknown,,
KakaoTalk_20240330_153803899_08_jpg.rf.9a71078ff8c3d1361bcad5f1ec704f7b.jpg,KakaoTalk_20240330_153803899_08_jpg.rf.9a71078ff8c3d1361bcad5f1ec704f7b.jpg_EXIT_45,EXIT,,Exit OCR MISSING
KakaoTalk_20240330_153803899_08_jpg.rf.d92d77cb566af8b00d5246070cad898d.jpg,KakaoTalk_20240330_153803899_08_jpg.rf.d92d77cb566af8b00d5246070cad898d.jpg_EXIT_46,EXIT,,Exit OCR MISSING
,KakaoTalk_20240330_153803899_08_jpg.rf.d92d77cb566af8b00d5246070cad898d.jpg,unknown,,
KakaoTalk_20240330_153803899_08_jpg.rf.d92d77cb566af8b00d5246070cad898d.jpg,KakaoTalk_20240330_153803899_08_jpg.rf.d92d77cb566af8b00d5246070cad898d.jpg_EXIT_47,EXIT,,Exit OCR MISSING
KakaoTalk_20240330_153803899_09_jpg.rf.5a533f68147ae474e32a79b0c4f18a9e.jpg,KakaoTalk_20240330_153803899_09_jpg.rf.5a533f68147ae474e32a79b0c4f18a9e.jpg_EXIT_48,EXIT,,Exit OCR MISSING
,KakaoTalk_20240330_153803899_09_jpg.rf.5a533f68147ae474e32a79b0c4f18a9e.jpg,unknown,,
KakaoTalk_20240330_153803899_10_jpg.rf.68aa21cf56f333ea5ada533d0e0e8ecd.jpg,KakaoTalk_20240330_153803899_10_jpg.rf.68aa21cf56f333ea5ada533d0e0e8ecd.jpg_EXIT_49,EXIT,,Exit OCR MISSING
,KakaoTalk_20240330_153803899_10_jpg.rf.68aa21cf56f333ea5ada533d0e0e8ecd.jpg,unknown,,
KakaoTalk_20240330_153803899_10_jpg.rf.68aa21cf56f333ea5ada533d0e0e8ecd.jpg,KakaoTalk_20240330_153803899_10_jpg.rf.68aa21cf56f333ea5ada533d0e0e8ecd.jpg_EXIT_50,EXIT,,Exit OCR MISSING
KakaoTalk_20240330_153803899_10_jpg.rf.68aa21cf56f333ea5ada533d0e0e8ecd.jpg,KakaoTalk_20240330_153803899_10_jpg.rf.68aa21cf56f333ea5ada533d0e0e8ecd.jpg_EXIT_51,EXIT,,Exit OCR MISSING
KakaoTalk_20240330_153803899_10_jpg.rf.68aa21cf56f333ea5ada533d0e0e8ecd.jpg,KakaoTalk_20240330_153803899_10_jpg.rf.68aa21cf56f333ea5ada533d0e0e8ecd.jpg_EXIT_52,EXIT,,Exit OCR MISSING
KakaoTalk_20240330_153803899_10_jpg.rf.68aa21cf56f333ea5ada533d0e0e8ecd.jpg,KakaoTalk_20240330_153803899_10_jpg.rf.68aa21cf56f333ea5ada533d0e0e8ecd.jpg_EXIT_53,EXIT,,Exit OCR MISSING
KakaoTalk_20240330_153803899_10_jpg.rf.82d9275f6e4ea197a222f3e74ac74ec8.jpg,KakaoTalk_20240330_153803899_10_jpg.rf.82d9275f6e4ea197a222f3e74ac74ec8.jpg_EXIT_54,EXIT,,Exit OCR MISSING
,KakaoTalk_20240330_153803899_10_jpg.rf.82d9275f6e4ea197a222f3e74ac74ec8.jpg,unknown,,
KakaoTalk_20240330_153803899_10_jpg.rf.82d9275f6e4ea197a222f3e74ac74ec8.jpg,KakaoTalk_20240330_153803899_10_jpg.rf.82d9275f6e4ea197a222f3e74ac74ec8.jpg_EXIT_55,EXIT,,Exit OCR MISSING
KakaoTalk_20240330_153803899_10_jpg.rf.82d9275f6e4ea197a222f3e74ac74ec8.jpg,KakaoTalk_20240330_153803899_10_jpg.rf.82d9275f6e4ea197a222f3e74ac74ec8.jpg_EXIT_56,EXIT,,Exit OCR MISSING
KakaoTalk_20240330_153803899_10_jpg.rf.82d9275f6e4ea197a222f3e74ac74ec8.jpg,KakaoTalk_20240330_153803899_10_jpg.rf.82d9275f6e4ea197a222f3e74ac74ec8.jpg_EXIT_57,EXIT,,Exit OCR MISSING
KakaoTalk_20240330_153803899_10_jpg.rf.82d9275f6e4ea197a222f3e74ac74ec8.jpg,KakaoTalk_20240330_153803899_10_jpg.rf.82d9275f6e4ea197a222f3e74ac74ec8.jpg_EXIT_58,EXIT,,Exit OCR MISSING
KakaoTalk_20240330_153803899_11_jpg.rf.2190b199b7aa354ea4c8887dda605c53.jpg,KakaoTalk_20240330_153803899_11_jpg.rf.2190b199b7aa354ea4c8887dda605c53.jpg_EXIT_59,EXIT,,Exit OCR MISSING
,KakaoTalk_20240330_153803899_11_jpg.rf.2190b199b7aa354ea4c8887dda605c53.jpg,unknown,,
KakaoTalk_20240330_153803899_11_jpg.rf.499524f6602ac0c83e7acca083361254.jpg,KakaoTalk_20240330_153803899_11_jpg.rf.499524f6602ac0c83e7acca083361254.jpg_EXIT_60,EXIT,,Exit OCR MISSING
,KakaoTalk_20240330_153803899_11_jpg.rf.499524f6602ac0c83e7acca083361254.jpg,unknown,,
KakaoTalk_20240330_153803899_11_jpg.rf.77f208f10d79fbca21dfbc29e9ae6b18.jpg,KakaoTalk_20240330_153803899_11_jpg.rf.77f208f10d79fbca21dfbc29e9ae6b18.jpg_EXIT_61,EXIT,,Exit OCR MISSING
,KakaoTalk_20240330_153803899_11_jpg.rf.77f208f10d79fbca21dfbc29e9ae6b18.jpg,unknown,,
KakaoTalk_20240330_153803899_12_jpg.rf.4099e028dee5a4fe3d99bd848a68c06f.jpg,KakaoTalk_20240330_153803899_12_jpg.rf.4099e028dee5a4fe3d99bd848a68c06f.jpg_EXIT_62,EXIT,,Exit OCR MISSING
,KakaoTalk_20240330_153803899_12_jpg.rf.4099e028dee5a4fe3d99bd848a68c06f.jpg,unknown,,
KakaoTalk_20240330_153803899_12_jpg.rf.4099e028dee5a4fe3d99bd848a68c06f.jpg,KakaoTalk_20240330_153803899_12_jpg.rf.4099e028dee5a4fe3d99bd848a68c06f.jpg_EXIT_63,EXIT,,Exit OCR MISSING
KakaoTalk_20240330_153803899_12_jpg.rf.4099e028dee5a4fe3d99bd848a68c06f.jpg,KakaoTalk_20240330_153803899_12_jpg.rf.4099e028dee5a4fe3d99bd848a68c06f.jpg_EXIT_64,EXIT,,Exit OCR MISSING
KakaoTalk_20240330_153803899_12_jpg.rf.43429a4fb07053da63f9365464c34c3b.jpg,KakaoTalk_20240330_153803899_12_jpg.rf.43429a4fb07053da63f9365464c34c3b.jpg_EXIT_65,EXIT,,Exit OCR MISSING
,KakaoTalk_20240330_153803899_12_jpg.rf.43429a4fb07053da63f9365464c34c3b.jpg,unknown,,
KakaoTalk_20240330_153803899_12_jpg.rf.43429a4fb07053da63f9365464c34c3b.jpg,KakaoTalk_20240330_153803899_12_jpg.rf.43429a4fb07053da63f9365464c34c3b.jpg_EXIT_66,EXIT,,Exit OCR MISSING
KakaoTalk_20240330_153803899_12_jpg.rf.43429a4fb07053da63f9365464c34c3b.jpg,KakaoTalk_20240330_153803899_12_jpg.rf.43429a4fb07053da63f9365464c34c3b.jpg_EXIT_67,EXIT,,Exit OCR MISSING
KakaoTalk_20240330_153803899_12_jpg.rf.43429a4fb07053da63f9365464c34c3b.jpg,KakaoTalk_20240330_153803899_12_jpg.rf.43429a4fb07053da63f9365464c34c3b.jpg_EXIT_68,EXIT,,Exit OCR MISSING
KakaoTalk_20240330_153803899_12_jpg.rf.9cf146d82ae7e6cee61058863e0360c5.jpg,KakaoTalk_20240330_153803899_12_jpg.rf.9cf146d82ae7e6cee61058863e0360c5.jpg_EXIT_69,EXIT,,Exit OCR MISSING
,KakaoTalk_20240330_153803899_12_jpg.rf.9cf146d82ae7e6cee61058863e0360c5.jpg,unknown,,
KakaoTalk_20240330_153803899_12_jpg.rf.9cf146d82ae7e6cee61058863e0360c5.jpg,KakaoTalk_20240330_153803899_12_jpg.rf.9cf146d82ae7e6cee61058863e0360c5.jpg_EXIT_70,EXIT,,Exit OCR MISSING
KakaoTalk_20240330_153803899_12_jpg.rf.9cf146d82ae7e6cee61058863e0360c5.jpg,KakaoTalk_20240330_153803899_12_jpg.rf.9cf146d82ae7e6cee61058863e0360c5.jpg_EXIT_71,EXIT,,Exit OCR MISSING
KakaoTalk_20240330_153803899_13_jpg.rf.1ab5cf0d9800c92ab735b820d2bb15b0.jpg,KakaoTalk_20240330_153803899_13_jpg.rf.1ab5cf0d9800c92ab735b820d2bb15b0.jpg_EXIT_72,EXIT,,Exit OCR MISSING
,KakaoTalk_20240330_153803899_13_jpg.rf.1ab5cf0d9800c92ab735b820d2bb15b0.jpg,unknown,,
KakaoTalk_20240330_153803899_13_jpg.rf.1ab5cf0d9800c92ab735b820d2bb15b0.jpg,KakaoTalk_20240330_153803899_13_jpg.rf.1ab5cf0d9800c92ab735b820d2bb15b0.jpg_EXIT_73,EXIT,,Exit OCR MISSING
KakaoTalk_20240330_153803899_13_jpg.rf.60fa36f6e8ef0c6703357534bb6d80e7.jpg,KakaoTalk_20240330_153803899_13_jpg.rf.60fa36f6e8ef0c6703357534bb6d80e7.jpg_EXIT_74,EXIT,,Exit OCR MISSING
,KakaoTalk_20240330_153803899_13_jpg.rf.60fa36f6e8ef0c6703357534bb6d80e7.jpg,unknown,,
KakaoTalk_20240330_153803899_13_jpg.rf.60fa36f6e8ef0c6703357534bb6d80e7.jpg,KakaoTalk_20240330_153803899_13_jpg.rf.60fa36f6e8ef0c6703357534bb6d80e7.jpg_EXIT_75,EXIT,,Exit OCR MISSING
KakaoTalk_20240330_153803899_13_jpg.rf.60fa36f6e8ef0c6703357534bb6d80e7.jpg,KakaoTalk_20240330_153803899_13_jpg.rf.60fa36f6e8ef0c6703357534bb6d80e7.jpg_EXIT_76,EXIT,,Exit OCR MISSING
KakaoTalk_20240330_153803899_13_jpg.rf.e9f6b5cbd6eb07cf65acef498f15156d.jpg,KakaoTalk_20240330_153803899_13_jpg.rf.e9f6b5cbd6eb07cf65acef498f15156d.jpg_EXIT_77,EXIT,,Exit OCR MISSING
,KakaoTalk_20240330_153803899_13_jpg.rf.e9f6b5cbd6eb07cf65acef498f15156d.jpg,unknown,,
KakaoTalk_20240330_153803899_13_jpg.rf.e9f6b5cbd6eb07cf65acef498f15156d.jpg,KakaoTalk_20240330_153803899_13_jpg.rf.e9f6b5cbd6eb07cf65acef498f15156d.jpg_EXIT_78,EXIT,,Exit OCR MISSING
KakaoTalk_20240330_153803899_13_jpg.rf.e9f6b5cbd6eb07cf65acef498f15156d.jpg,KakaoTalk_20240330_153803899_13_jpg.rf.e9f6b5cbd6eb07cf65acef498f15156d.jpg_EXIT_79,EXIT,,Exit OCR MISSING
KakaoTalk_20240330_153803899_13_jpg.rf.e9f6b5cbd6eb07cf65acef498f15156d.jpg,KakaoTalk_20240330_153803899_13_jpg.rf.e9f6b5cbd6eb07cf65acef498f15156d.jpg_EXIT_80,EXIT,,Exit OCR MISSING
KakaoTalk_20240330_153803899_14_jpg.rf.dced5cc79c1c2740117164e6cf5b2408.jpg,KakaoTalk_20240330_153803899_14_jpg.rf.dced5cc79c1c2740117164e6cf5b2408.jpg_EXIT_81,EXIT,,Exit OCR MISSING
,KakaoTalk_20240330_153803899_14_jpg.rf.dced5cc79c1c2740117164e6cf5b2408.jpg,unknown,,
KakaoTalk_20240330_153803899_14_jpg.rf.dced5cc79c1c2740117164e6cf5b2408.jpg,KakaoTalk_20240330_153803899_14_jpg.rf.dced5cc79c1c2740117164e6cf5b2408.jpg_EXIT_82,EXIT,,Exit OCR MISSING
KakaoTalk_20240330_153803899_14_jpg.rf.dced5cc79c1c2740117164e6cf5b2408.jpg,KakaoTalk_20240330_153803899_14_jpg.rf.dced5cc79c1c2740117164e6cf5b2408.jpg_EXIT_83,EXIT,,Exit OCR MISSING
KakaoTalk_20240330_153803899_14_jpg.rf.dced5cc79c1c2740117164e6cf5b2408.jpg,KakaoTalk_20240330_153803899_14_jpg.rf.dced5cc79c1c2740117164e6cf5b2408.jpg_EXIT_84,EXIT,,Exit OCR MISSING
KakaoTalk_20240330_153803899_14_jpg.rf.f2ba07bbbf00dc8dc432d847f424f787.jpg,KakaoTalk_20240330_153803899_14_jpg.rf.f2ba07bbbf00dc8dc432d847f424f787.jpg_EXIT_85,EXIT,,Exit OCR MISSING
,KakaoTalk_20240330_153803899_14_jpg.rf.f2ba07bbbf00dc8dc432d847f424f787.jpg,unknown,,
KakaoTalk_20240330_153803899_14_jpg.rf.f2ba07bbbf00dc8dc432d847f424f787.jpg,KakaoTalk_20240330_153803899_14_jpg.rf.f2ba07bbbf00dc8dc432d847f424f787.jpg_EXIT_86,EXIT,,Exit OCR MISSING
KakaoTalk_20240330_153803899_14_jpg.rf.f2ba07bbbf00dc8dc432d847f424f787.jpg,KakaoTalk_20240330_153803899_14_jpg.rf.f2ba07bbbf00dc8dc432d847f424f787.jpg_EXIT_87,EXIT,,Exit OCR MISSING
KakaoTalk_20240330_153803899_14_jpg.rf.f7e87cef1806b996a86644ede7d94263.jpg,KakaoTalk_20240330_153803899_14_jpg.rf.f7e87cef1806b996a86644ede7d94263.jpg_EXIT_88,EXIT,,Exit OCR MISSING
,KakaoTalk_20240330_153803899_14_jpg.rf.f7e87cef1806b996a86644ede7d94263.jpg,unknown,,
KakaoTalk_20240330_153803899_14_jpg.rf.f7e87cef1806b996a86644ede7d94263.jpg,KakaoTalk_20240330_153803899_14_jpg.rf.f7e87cef1806b996a86644ede7d94263.jpg_EXIT_89,EXIT,,Exit OCR MISSING
KakaoTalk_20240330_153803899_14_jpg.rf.f7e87cef1806b996a86644ede7d94263.jpg,KakaoTalk_20240330_153803899_14_jpg.rf.f7e87cef1806b996a86644ede7d94263.jpg_EXIT_90,EXIT,,Exit OCR MISSING
KakaoTalk_20240330_153803899_14_jpg.rf.f7e87cef1806b996a86644ede7d94263.jpg,KakaoTalk_20240330_153803899_14_jpg.rf.f7e87cef1806b996a86644ede7d94263.jpg_EXIT_91,EXIT,,Exit OCR MISSING
KakaoTalk_20240330_153803899_jpg.rf.f32b1c686b1fc90ca16000564ee9a567.jpg,KakaoTalk_20240330_153803899_jpg.rf.f32b1c686b1fc90ca16000564ee9a567.jpg_EXIT_92,EXIT,,Exit OCR MISSING
,KakaoTalk_20240330_153803899_jpg.rf.f32b1c686b1fc90ca16000564ee9a567.jpg,unknown,,
KakaoTalk_20240405_160640520_01_jpg.rf.a37c1cd6e45e32b7aa72a4612625e040.jpg,KakaoTalk_20240405_160640520_01_jpg.rf.a37c1cd6e45e32b7aa72a4612625e040.jpg_EXIT_93,EXIT,,Exit OCR MISSING
,KakaoTalk_20240405_160640520_01_jpg.rf.a37c1cd6e45e32b7aa72a4612625e040.jpg,unknown,,
KakaoTalk_20240405_160640520_03_jpg.rf.31ec73feed4a354cc72b095862dc43e7.jpg,KakaoTalk_20240405_160640520_03_jpg.rf.31ec73feed4a354cc72b095862dc43e7.jpg_FIREEXTINGUISHER_2,FIREEXTINGUISHER,FireExtinguisher Confidence OK,
,KakaoTalk_20240405_160640520_03_jpg.rf.31ec73feed4a354cc72b095862dc43e7.jpg,unknown,,
KakaoTalk_20240405_160640520_03_jpg.rf.c05806bd430541712a7bfa72e9b5935b.jpg,KakaoTalk_20240405_160640520_03_jpg.rf.c05806bd430541712a7bfa72e9b5935b.jpg_FIREEXTINGUISHER_3,FIREEXTINGUISHER,FireExtinguisher Confidence OK,
,KakaoTalk_20240405_160640520_03_jpg.rf.c05806bd430541712a7bfa72e9b5935b.jpg,unknown,,
KakaoTalk_20240405_160640520_04_jpg.rf.57c55652206889ee41dfc92ae61c5b15.jpg,KakaoTalk_20240405_160640520_04_jpg.rf.57c55652206889ee41dfc92ae61c5b15.jpg_EXIT_94,EXIT,,Exit OCR MISSING
,KakaoTalk_20240405_160640520_04_jpg.rf.57c55652206889ee41dfc92ae61c5b15.jpg,unknown,,
KakaoTalk_20240405_160721726_jpg.rf.b64c0beb55ea3000735d97e2250383f8.jpg,KakaoTalk_20240405_160721726_jpg.rf.b64c0beb55ea3000735d97e2250383f8.jpg_FIREEXTINGUISHER_4,FIREEXTINGUISHER,,FireExtinguisher Confidence TOO LOW
,KakaoTalk_20240405_160721726_jpg.rf.b64c0beb55ea3000735d97e2250383f8.jpg,unknown,,
KakaoTalk_20240405_160721726_jpg.rf.e1cb6e191c891ac5005d7ef696ef4a85.jpg,KakaoTalk_20240405_160721726_jpg.rf.e1cb6e191c891ac5005d7ef696ef4a85.jpg_EXIT_95,EXIT,,Exit OCR MISSING
,KakaoTalk_20240405_160721726_jpg.rf.e1cb6e191c891ac5005d7ef696ef4a85.jpg,unknown,,
evctmap-113_jpg.rf.f76cd30d85c3ad106d586307507ee3e8.jpg,evctmap-113_jpg.rf.f76cd30d85c3ad106d586307507ee3e8.jpg_FIREEXTINGUISHER_5,FIREEXTINGUISHER,FireExtinguisher Confidence OK,
,evctmap-113_jpg.rf.f76cd30d85c3ad106d586307507ee3e8.jpg,unknown,,
evctmap-11_jpg.rf.7700bb2bbc23e7c7f11008513367026c.jpg,evctmap-11_jpg.rf.7700bb2bbc23e7c7f11008513367026c.jpg_FIREEXTINGUISHER_6,FIREEXTINGUISHER,FireExtinguisher Confidence OK,
,evctmap-11_jpg.rf.7700bb2bbc23e7c7f11008513367026c.jpg,unknown,,
evctmap-11_jpg.rf.7700bb2bbc23e7c7f11008513367026c.jpg,evctmap-11_jpg.rf.7700bb2bbc23e7c7f11008513367026c.jpg_EXIT_96,EXIT,,Exit OCR MISSING
evctmap-142_jpg.rf.b4169453cd806377e4ef7172e21b8d8f.jpg,evctmap-142_jpg.rf.b4169453cd806377e4ef7172e21b8d8f.jpg_FIREEXTINGUISHER_7,FIREEXTINGUISHER,FireExtinguisher Confidence OK,
,evctmap-142_jpg.rf.b4169453cd806377e4ef7172e21b8d8f.jpg,unknown,,
evctmap-142_jpg.rf.b4169453cd806377e4ef7172e21b8d8f.jpg,evctmap-142_jpg.rf.b4169453cd806377e4ef7172e21b8d8f.jpg_EXIT_97,EXIT,,Exit OCR MISSING
evctmap-14_jpg.rf.113a0b99d0cd1e92140777dc927d5b5b.jpg,evctmap-14_jpg.rf.113a0b99d0cd1e92140777dc927d5b5b.jpg_FIREEXTINGUISHER_8,FIREEXTINGUISHER,,FireExtinguisher Confidence TOO LOW
,evctmap-14_jpg.rf.113a0b99d0cd1e92140777dc927d5b5b.jpg,unknown,,
evctmap-14_jpg.rf.f116d5b86a30dfa7f25589b656083295.jpg,evctmap-14_jpg.rf.f116d5b86a30dfa7f25589b656083295.jpg_FIREEXTINGUISHER_9,FIREEXTINGUISHER,FireExtinguisher Confidence OK,
,evctmap-14_jpg.rf.f116d5b86a30dfa7f25589b656083295.jpg,unknown,,
evctmap-157_jpg.rf.03f51ff95e04e047ccacbff3e9bf1e43.jpg,evctmap-157_jpg.rf.03f51ff95e04e047ccacbff3e9bf1e43.jpg_EXIT_98,EXIT,,Exit OCR MISSING
,evctmap-157_jpg.rf.03f51ff95e04e047ccacbff3e9bf1e43.jpg,unknown,,
evctmap-16_jpg.rf.2dda181a63d3718eec8256f7d7bd7f52.jpg,evctmap-16_jpg.rf.2dda181a63d3718eec8256f7d7bd7f52.jpg_EXIT_99,EXIT,,Exit OCR MISSING
,evctmap-16_jpg.rf.2dda181a63d3718eec8256f7d7bd7f52.jpg,unknown,,
evctmap-25_jpg.rf.202c8a4aa513099f57bcc8ad2e621873.jpg,evctmap-25_jpg.rf.202c8a4aa513099f57bcc8ad2e621873.jpg_EXIT_100,EXIT,,Exit OCR MISSING
,evctmap-25_jpg.rf.202c8a4aa513099f57bcc8ad2e621873.jpg,unknown,,
evctmap-27_jpg.rf.3011761f91d44dc5bf4f0ac0b5c3e8d7.jpg,evctmap-27_jpg.rf.3011761f91d44dc5bf4f0ac0b5c3e8d7.jpg_FIREEXTINGUISHER_10,FIREEXTINGUISHER,,FireExtinguisher Confidence TOO LOW
,evctmap-27_jpg.rf.3011761f91d44dc5bf4f0ac0b5c3e8d7.jpg,unknown,,
evctmap-27_jpg.rf.9280c209a69d983e4722e4c3e457cbdf.jpg,evctmap-27_jpg.rf.9280c209a69d983e4722e4c3e457cbdf.jpg_FIREEXTINGUISHER_11,FIREEXTINGUISHER,,FireExtinguisher Confidence TOO LOW
,evctmap-27_jpg.rf.9280c209a69d983e4722e4c3e457cbdf.jpg,unknown,,
evctmap-28_jpg.rf.3d08d9da016cd721a28b8332d1701581.jpg,evctmap-28_jpg.rf.3d08d9da016cd721a28b8332d1701581.jpg_FIREEXTINGUISHER_12,FIREEXTINGUISHER,,FireExtinguisher Confidence TOO LOW
,evctmap-28_jpg.rf.3d08d9da016cd721a28b8332d1701581.jpg,unknown,,
evctmap-29_jpg.rf.7f3764a18266ed3c52dbbac686328260.jpg,evctmap-29_jpg.rf.7f3764a18266ed3c52dbbac686328260.jpg_EXIT_101,EXIT,,Exit OCR MISSING
,evctmap-29_jpg.rf.7f3764a18266ed3c52dbbac686328260.jpg,unknown,,
evctmap-2_jpg.rf.3bbe941251de4ae0427239392dd937f4.jpg,evctmap-2_jpg.rf.3bbe941251de4ae0427239392dd937f4.jpg_EXIT_102,EXIT,,Exit OCR MISSING
,evctmap-2_jpg.rf.3bbe941251de4ae0427239392dd937f4.jpg,unknown,,
evctmap-320_jpg.rf.9c24cb5cbf3734467bdf77475971ad59.jpg,evctmap-320_jpg.rf.9c24cb5cbf3734467bdf77475971ad59.jpg_FIREEXTINGUISHER_13,FIREEXTINGUISHER,,FireExtinguisher Confidence TOO LOW
,evctmap-320_jpg.rf.9c24cb5cbf3734467bdf77475971ad59.jpg,unknown,,
evctmap-39_jpg.rf.86238fb254695116d93fbacbb7f50e51.jpg,evctmap-39_jpg.rf.86238fb254695116d93fbacbb7f50e51.jpg_FIREEXTINGUISHER_14,FIREEXTINGUISHER,,FireExtinguisher Confidence TOO LOW
,evctmap-39_jpg.rf.86238fb254695116d93fbacbb7f50e51.jpg,unknown,,
evctmap-3_jpg.rf.d44e8932007bfe3dc7b910589a46b270.jpg,evctmap-3_jpg.rf.d44e8932007bfe3dc7b910589a46b270.jpg_EXIT_103,EXIT,,Exit OCR MISSING
,evctmap-3_jpg.rf.d44e8932007bfe3dc7b910589a46b270.jpg,unknown,,
evctmap-402_jpg.rf.de94aab5a98098ecabb9ac057f5df533.jpg,evctmap-402_jpg.rf.de94aab5a98098ecabb9ac057f5df533.jpg_EXIT_104,EXIT,,Exit OCR MISSING
,evctmap-402_jpg.rf.de94aab5a98098ecabb9ac057f5df533.jpg,unknown,,
evctmap-470_jpg.rf.87aca37c93dde49b88d1dca58834dad5.jpg,evctmap-470_jpg.rf.87aca37c93dde49b88d1dca58834dad5.jpg_EXIT_105,EXIT,,Exit OCR MISSING
,evctmap-470_jpg.rf.87aca37c93dde49b88d1dca58834dad5.jpg,unknown,,
evctmap-470_jpg.rf.9600e644e80fdebefc0d5851ad5523a3.jpg,evctmap-470_jpg.rf.9600e644e80fdebefc0d5851ad5523a3.jpg_EXIT_106,EXIT,,Exit OCR MISSING
,evctmap-470_jpg.rf.9600e644e80fdebefc0d5851ad5523a3.jpg,unknown,,
evctmap-481_jpg.rf.b62638f944ff9f91132379c4f9e50a5e.jpg,evctmap-481_jpg.rf.b62638f944ff9f91132379c4f9e50a5e.jpg_FIREEXTINGUISHER_15,FIREEXTINGUISHER,,FireExtinguisher Confidence TOO LOW
,evctmap-481_jpg.rf.b62638f944ff9f91132379c4f9e50a5e.jpg,unknown,,
evctmap-4_jpg.rf.fb43a8b9e3a67a76e8095fe70a5b529f.jpg,evctmap-4_jpg.rf.fb43a8b9e3a67a76e8095fe70a5b529f.jpg_FIREEXTINGUISHER_16,FIREEXTINGUISHER,,FireExtinguisher Confidence TOO LOW
,evctmap-4_jpg.rf.fb43a8b9e3a67a76e8095fe70a5b529f.jpg,unknown,,
evctmap-503_jpg.rf.e268bde21a62bb2629b7c9902e420d98.jpg,evctmap-503_jpg.rf.e268bde21a62bb2629b7c9902e420d98.jpg_EXIT_107,EXIT,,Exit OCR MISSING
,evctmap-503_jpg.rf.e268bde21a62bb2629b7c9902e420d98.jpg,unknown,,
evctmap-503_jpg.rf.e268bde21a62bb2629b7c9902e420d98.jpg,evctmap-503_jpg.rf.e268bde21a62bb2629b7c9902e420d98.jpg_FIREEXTINGUISHER_17,FIREEXTINGUISHER,,FireExtinguisher Confidence TOO LOW
evctmap-509_jpg.rf.f4df436d8d4935d33025661a3c0397c6.jpg,evctmap-509_jpg.rf.f4df436d8d4935d33025661a3c0397c6.jpg_EXIT_108,EXIT,,Exit OCR MISSING
,evctmap-509_jpg.rf.f4df436d8d4935d33025661a3c0397c6.jpg,unknown,,
evctmap-512_jpg.rf.73efff70214262019a7266ab3046fb1a.jpg,evctmap-512_jpg.rf.73efff70214262019a7266ab3046fb1a.jpg_FIREEXTINGUISHER_18,FIREEXTINGUISHER,,FireExtinguisher Confidence TOO LOW
,evctmap-512_jpg.rf.73efff70214262019a7266ab3046fb1a.jpg,unknown,,
evctmap-512_jpg.rf.a6f50c790032992a374173962b2d9234.jpg,evctmap-512_jpg.rf.a6f50c790032992a374173962b2d9234.jpg_FIREEXTINGUISHER_19,FIREEXTINGUISHER,,FireExtinguisher Confidence TOO LOW
,evctmap-512_jpg.rf.a6f50c790032992a374173962b2d9234.jpg,unknown,,
evctmap-512_jpg.rf.a6f50c790032992a374173962b2d9234.jpg,evctmap-512_jpg.rf.a6f50c790032992a374173962b2d9234.jpg_FIREEXTINGUISHER_20,FIREEXTINGUISHER,,FireExtinguisher Confidence TOO LOW
evctmap-512_jpg.rf.ecc6832d314f7cfb1c1f0de6738a77a5.jpg,evctmap-512_jpg.rf.ecc6832d314f7cfb1c1f0de6738a77a5.jpg_FIREEXTINGUISHER_21,FIREEXTINGUISHER,,FireExtinguisher Confidence TOO LOW
,evctmap-512_jpg.rf.ecc6832d314f7cfb1c1f0de6738a77a5.jpg,unknown,,
evctmap-512_jpg.rf.ecc6832d314f7cfb1c1f0de6738a77a5.jpg,evctmap-512_jpg.rf.ecc6832d314f7cfb1c1f0de6738a77a5.jpg_FIREEXTINGUISHER_22,FIREEXTINGUISHER,,FireExtinguisher Confidence TOO LOW
evctmap-512_jpg.rf.ecc6832d314f7cfb1c1f0de6738a77a5.jpg,evctmap-512_jpg.rf.ecc6832d314f7cfb1c1f0de6738a77a5.jpg_FIREEXTINGUISHER_23,FIREEXTINGUISHER,,FireExtinguisher Confidence TOO LOW
evctmap-519_jpg.rf.118193b5ae11414a344e77f902b30a3f.jpg,evctmap-519_jpg.rf.118193b5ae11414a344e77f902b30a3f.jpg_FIREEXTINGUISHER_24,FIREEXTINGUISHER,,FireExtinguisher Confidence TOO LOW
,evctmap-519_jpg.rf.118193b5ae11414a344e77f902b30a3f.jpg,unknown,,
evctmap-519_jpg.rf.5298370bb16bb1fd007a8354760c47f4.jpg,evctmap-519_jpg.rf.5298370bb16bb1fd007a8354760c47f4.jpg_FIREEXTINGUISHER_25,FIREEXTINGUISHER,,FireExtinguisher Confidence TOO LOW
,evctmap-519_jpg.rf.5298370bb16bb1fd007a8354760c47f4.jpg,unknown,,
evctmap-525_jpg.rf.ea75485c9f8d9fdd254ef31ea8ff1376.jpg,evctmap-525_jpg.rf.ea75485c9f8d9fdd254ef31ea8ff1376.jpg_FIREEXTINGUISHER_26,FIREEXTINGUISHER,,FireExtinguisher Confidence TOO LOW
,evctmap-525_jpg.rf.ea75485c9f8d9fdd254ef31ea8ff1376.jpg,unknown,,
evctmap-525_jpg.rf.f7367f1b8c23a35a1f9d86d03614d956.jpg,evctmap-525_jpg.rf.f7367f1b8c23a35a1f9d86d03614d956.jpg_FIREEXTINGUISHER_27,FIREEXTINGUISHER,,FireExtinguisher Confidence TOO LOW
,evctmap-525_jpg.rf.f7367f1b8c23a35a1f9d86d03614d956.jpg,unknown,,
evctmap-540_jpg.rf.3ee814bbfd642cd3dc0545e3abb91d68.jpg,evctmap-540_jpg.rf.3ee814bbfd642cd3dc0545e3abb91d68.jpg_FIREEXTINGUISHER_28,FIREEXTINGUISHER,,FireExtinguisher Confidence TOO LOW
,evctmap-540_jpg.rf.3ee814bbfd642cd3dc0545e3abb91d68.jpg,unknown,,
evctmap-540_jpg.rf.935f47ad5eb61dc1ee21cc77eba3136a.jpg,evctmap-540_jpg.rf.935f47ad5eb61dc1ee21cc77eba3136a.jpg_FIREEXTINGUISHER_29,FIREEXTINGUISHER,,FireExtinguisher Confidence TOO LOW
,evctmap-540_jpg.rf.935f47ad5eb61dc1ee21cc77eba3136a.jpg,unknown,,
evctmap-540_jpg.rf.d304e454f268182a1de59bd73dd41a6a.jpg,evctmap-540_jpg.rf.d304e454f268182a1de59bd73dd41a6a.jpg_EXIT_109,EXIT,,Exit OCR MISSING
,evctmap-540_jpg.rf.d304e454f268182a1de59bd73dd41a6a.jpg,unknown,,
evctmap-570_jpg.rf.76d7692942bf73a842d6e67735742dbd.jpg,evctmap-570_jpg.rf.76d7692942bf73a842d6e67735742dbd.jpg_EXIT_110,EXIT,,Exit OCR MISSING
,evctmap-570_jpg.rf.76d7692942bf73a842d6e67735742dbd.jpg,unknown,,
evctmap-579_jpg.rf.4b3147974d1151c1576e4d2a844e86ab.jpg,evctmap-579_jpg.rf.4b3147974d1151c1576e4d2a844e86ab.jpg_FIREEXTINGUISHER_30,FIREEXTINGUISHER,FireExtinguisher Confidence OK,
,evctmap-579_jpg.rf.4b3147974d1151c1576e4d2a844e86ab.jpg,unknown,,
evctmap-579_jpg.rf.4b3147974d1151c1576e4d2a844e86ab.jpg,evctmap-579_jpg.rf.4b3147974d1151c1576e4d2a844e86ab.jpg_FIREEXTINGUISHER_31,FIREEXTINGUISHER,,FireExtinguisher Confidence TOO LOW
evctmap-579_jpg.rf.56a697be3a8739a4114121b3fb18fcf6.jpg,evctmap-579_jpg.rf.56a697be3a8739a4114121b3fb18fcf6.jpg_FIREEXTINGUISHER_32,FIREEXTINGUISHER,,FireExtinguisher Confidence TOO LOW
,evctmap-579_jpg.rf.56a697be3a8739a4114121b3fb18fcf6.jpg,unknown,,
evctmap-579_jpg.rf.56a697be3a8739a4114121b3fb18fcf6.jpg,evctmap-579_jpg.rf.56a697be3a8739a4114121b3fb18fcf6.jpg_FIREEXTINGUISHER_33,FIREEXTINGUISHER,,FireExtinguisher Confidence TOO LOW
evctmap-579_jpg.rf.579025750392a6eac7cb4239975486be.jpg,evctmap-579_jpg.rf.579025750392a6eac7cb4239975486be.jpg_FIREEXTINGUISHER_34,FIREEXTINGUISHER,FireExtinguisher Confidence OK,
,evctmap-579_jpg.rf.579025750392a6eac7cb4239975486be.jpg,unknown,,
evctmap-579_jpg.rf.579025750392a6eac7cb4239975486be.jpg,evctmap-579_jpg.rf.579025750392a6eac7cb4239975486be.jpg_FIREEXTINGUISHER_35,FIREEXTINGUISHER,,FireExtinguisher Confidence TOO LOW
evctmap-579_jpg.rf.579025750392a6eac7cb4239975486be.jpg,evctmap-579_jpg.rf.579025750392a6eac7cb4239975486be.jpg_FIREEXTINGUISHER_36,FIREEXTINGUISHER,,FireExtinguisher Confidence TOO LOW
evctmap-590_jpg.rf.95a3c6ce0600e07ef619aaf82dec69b4.jpg,evctmap-590_jpg.rf.95a3c6ce0600e07ef619aaf82dec69b4.jpg_FIREEXTINGUISHER_37,FIREEXTINGUISHER,,FireExtinguisher Confidence TOO LOW
,evctmap-590_jpg.rf.95a3c6ce0600e07ef619aaf82dec69b4.jpg,unknown,,
evctmap-5_jpg.rf.122331c53d6917bf9d4b0f9ef1ac062f.jpg,evctmap-5_jpg.rf.122331c53d6917bf9d4b0f9ef1ac062f.jpg_EXIT_111,EXIT,,Exit OCR MISSING
,evctmap-5_jpg.rf.122331c53d6917bf9d4b0f9ef1ac062f.jpg,unknown,,
evctmap-608_jpg.rf.4d7e2f528fad364576cda4dc7fad41fc.jpg,evctmap-608_jpg.rf.4d7e2f528fad364576cda4dc7fad41fc.jpg_FIREEXTINGUISHER_38,FIREEXTINGUISHER,,FireExtinguisher Confidence TOO LOW
,evctmap-608_jpg.rf.4d7e2f528fad364576cda4dc7fad41fc.jpg,unknown,,
evctmap-608_jpg.rf.98bf42e4968628dd734015a4e73f147e.jpg,evctmap-608_jpg.rf.98bf42e4968628dd734015a4e73f147e.jpg_FIREEXTINGUISHER_39,FIREEXTINGUISHER,FireExtinguisher Confidence OK,
,evctmap-608_jpg.rf.98bf42e4968628dd734015a4e73f147e.jpg,unknown,,
evctmap-608_jpg.rf.98bf42e4968628dd734015a4e73f147e.jpg,evctmap-608_jpg.rf.98bf42e4968628dd734015a4e73f147e.jpg_FIREEXTINGUISHER_40,FIREEXTINGUISHER,,FireExtinguisher Confidence TOO LOW
evctmap-608_jpg.rf.98bf42e4968628dd734015a4e73f147e.jpg,evctmap-608_jpg.rf.98bf42e4968628dd734015a4e73f147e.jpg_FIREEXTINGUISHER_41,FIREEXTINGUISHER,,FireExtinguisher Confidence TOO LOW
evctmap-608_jpg.rf.c01c5b1ba87ad4443ae382bf54ae0726.jpg,evctmap-608_jpg.rf.c01c5b1ba87ad4443ae382bf54ae0726.jpg_FIREEXTINGUISHER_42,FIREEXTINGUISHER,FireExtinguisher Confidence OK,
,evctmap-608_jpg.rf.c01c5b1ba87ad4443ae382bf54ae0726.jpg,unknown,,
evctmap-608_jpg.rf.c01c5b1ba87ad4443ae382bf54ae0726.jpg,evctmap-608_jpg.rf.c01c5b1ba87ad4443ae382bf54ae0726.jpg_FIREEXTINGUISHER_43,FIREEXTINGUISHER,FireExtinguisher Confidence OK,
evctmap-608_jpg.rf.c01c5b1ba87ad4443ae382bf54ae0726.jpg,evctmap-608_jpg.rf.c01c5b1ba87ad4443ae382bf54ae0726.jpg_FIREEXTINGUISHER_44,FIREEXTINGUISHER,,FireExtinguisher Confidence TOO LOW
evctmap-641_jpg.rf.6895a6145b74389546e249ae27733074.jpg,evctmap-641_jpg.rf.6895a6145b74389546e249ae27733074.jpg_FIREEXTINGUISHER_45,FIREEXTINGUISHER,FireExtinguisher Confidence OK,
,evctmap-641_jpg.rf.6895a6145b74389546e249ae27733074.jpg,unknown,,
evctmap-641_jpg.rf.6895a6145b74389546e249ae27733074.jpg,evctmap-641_jpg.rf.6895a6145b74389546e249ae27733074.jpg_FIREEXTINGUISHER_46,FIREEXTINGUISHER,,FireExtinguisher Confidence TOO LOW
evctmap-643_jpg.rf.fcc771821a5e35b9bd02f8c6a8b95d4a.jpg,evctmap-643_jpg.rf.fcc771821a5e35b9bd02f8c6a8b95d4a.jpg_EXIT_112,EXIT,,Exit OCR MISSING
,evctmap-643_jpg.rf.fcc771821a5e35b9bd02f8c6a8b95d4a.jpg,unknown,,
evctmap-683_jpg.rf.f544c077e361373da32374b9486ac71d.jpg,evctmap-683_jpg.rf.f544c077e361373da32374b9486ac71d.jpg_EXIT_113,EXIT,,Exit OCR MISSING
,evctmap-683_jpg.rf.f544c077e361373da32374b9486ac71d.jpg,unknown,,
evctmap-9_jpg.rf.ca2538e7d97e772eca459310d3abeaae.jpg,evctmap-9_jpg.rf.ca2538e7d97e772eca459310d3abeaae.jpg_FIREEXTINGUISHER_47,FIREEXTINGUISHER,,FireExtinguisher Confidence TOO LOW
,evctmap-9_jpg.rf.ca2538e7d97e772eca459310d3abeaae.jpg,unknown,,
evctmappevacuation-floor-plan110_jpg.rf.5ef9fee218634a9744244d5054effc81.jpg,evctmappevacuation-floor-plan110_jpg.rf.5ef9fee218634a9744244d5054effc81.jpg_EXIT_114,EXIT,,Exit OCR MISSING
,evctmappevacuation-floor-plan110_jpg.rf.5ef9fee218634a9744244d5054effc81.jpg,unknown,,
evctmappevacuation-floor-plan22_jpg.rf.3aba50b5ff0d0013ef977bedb6069d7f.jpg,evctmappevacuation-floor-plan22_jpg.rf.3aba50b5ff0d0013ef977bedb6069d7f.jpg_FIREEXTINGUISHER_48,FIREEXTINGUISHER,FireExtinguisher Confidence OK,
,evctmappevacuation-floor-plan22_jpg.rf.3aba50b5ff0d0013ef977bedb6069d7f.jpg,unknown,,
evctmappevacuation-floor-plan22_jpg.rf.3aba50b5ff0d0013ef977bedb6069d7f.jpg,evctmappevacuation-floor-plan22_jpg.rf.3aba50b5ff0d0013ef977bedb6069d7f.jpg_FIREEXTINGUISHER_49,FIREEXTINGUISHER,,FireExtinguisher Confidence TOO LOW
evctmappevacuation-floor-plan270_jpg.rf.6446a44c1e5b0f6f90a3d789b1ebcbfa.jpg,evctmappevacuation-floor-plan270_jpg.rf.6446a44c1e5b0f6f90a3d789b1ebcbfa.jpg_FIREEXTINGUISHER_50,FIREEXTINGUISHER,,FireExtinguisher Confidence TOO LOW
,evctmappevacuation-floor-plan270_jpg.rf.6446a44c1e5b0f6f90a3d789b1ebcbfa.jpg,unknown,,
evctmappevacuation-floor-plan336_jpg.rf.2f5e59f46f4ad53f0d5785a32fa28bc3.jpg,evctmappevacuation-floor-plan336_jpg.rf.2f5e59f46f4ad53f0d5785a32fa28bc3.jpg_FIREEXTINGUISHER_51,FIREEXTINGUISHER,FireExtinguisher Confidence OK,
,evctmappevacuation-floor-plan336_jpg.rf.2f5e59f46f4ad53f0d5785a32fa28bc3.jpg,unknown,,
evctmappevacuation-floor-plan336_jpg.rf.a82d11b7e41e55e512d6d1310218db36.jpg,evctmappevacuation-floor-plan336_jpg.rf.a82d11b7e41e55e512d6d1310218db36.jpg_FIREEXTINGUISHER_52,FIREEXTINGUISHER,FireExtinguisher Confidence OK,
,evctmappevacuation-floor-plan336_jpg.rf.a82d11b7e41e55e512d6d1310218db36.jpg,unknown,,
evctmappevacuation-floor-plan336_jpg.rf.c2bce66c0a0162b3b48c826f7fb63042.jpg,evctmappevacuation-floor-plan336_jpg.rf.c2bce66c0a0162b3b48c826f7fb63042.jpg_FIREEXTINGUISHER_53,FIREEXTINGUISHER,FireExtinguisher Confidence OK,
,evctmappevacuation-floor-plan336_jpg.rf.c2bce66c0a0162b3b48c826f7fb63042.jpg,unknown,,
evctmappevacuation-floor-plan336_jpg.rf.c2bce66c0a0162b3b48c826f7fb63042.jpg,evctmappevacuation-floor-plan336_jpg.rf.c2bce66c0a0162b3b48c826f7fb63042.jpg_FIREEXTINGUISHER_54,FIREEXTINGUISHER,,FireExtinguisher Confidence TOO LOW
evctmappevacuation-floor-plan345_jpg.rf.22238b334ca8908a366986f0c2652dd7.jpg,evctmappevacuation-floor-plan345_jpg.rf.22238b334ca8908a366986f0c2652dd7.jpg_FIREEXTINGUISHER_55,FIREEXTINGUISHER,FireExtinguisher Confidence OK,
,evctmappevacuation-floor-plan345_jpg.rf.22238b334ca8908a366986f0c2652dd7.jpg,unknown,,
evctmappevacuation-floor-plan345_jpg.rf.22238b334ca8908a366986f0c2652dd7.jpg,evctmappevacuation-floor-plan345_jpg.rf.22238b334ca8908a366986f0c2652dd7.jpg_FIREEXTINGUISHER_56,FIREEXTINGUISHER,,FireExtinguisher Confidence TOO LOW
evctmappevacuation-floor-plan345_jpg.rf.5b6e6bba6143fd1f4dc4f6da4c5cb727.jpg,evctmappevacuation-floor-plan345_jpg.rf.5b6e6bba6143fd1f4dc4f6da4c5cb727.jpg_FIREEXTINGUISHER_57,FIREEXTINGUISHER,,FireExtinguisher Confidence TOO LOW
,evctmappevacuation-floor-plan345_jpg.rf.5b6e6bba6143fd1f4dc4f6da4c5cb727.jpg,unknown,,
evctmappevacuation-floor-plan345_jpg.rf.f4b12bcabad18ef493311c8c31614622.jpg,evctmappevacuation-floor-plan345_jpg.rf.f4b12bcabad18ef493311c8c31614622.jpg_FIREEXTINGUISHER_58,FIREEXTINGUISHER,FireExtinguisher Confidence OK,
,evctmappevacuation-floor-plan345_jpg.rf.f4b12bcabad18ef493311c8c31614622.jpg,unknown,,
evctmappevacuation-floor-plan397_jpg.rf.15c11a63abce739da4675cd43f3c8241.jpg,evctmappevacuation-floor-plan397_jpg.rf.15c11a63abce739da4675cd43f3c8241.jpg_EXIT_115,EXIT,,Exit OCR MISSING
,evctmappevacuation-floor-plan397_jpg.rf.15c11a63abce739da4675cd43f3c8241.jpg,unknown,,
evctmappevacuation-floor-plan397_jpg.rf.6772ab0a86eb41dbff44b7b6872a50b6.jpg,evctmappevacuation-floor-plan397_jpg.rf.6772ab0a86eb41dbff44b7b6872a50b6.jpg_EXIT_116,EXIT,,Exit OCR MISSING
,evctmappevacuation-floor-plan397_jpg.rf.6772ab0a86eb41dbff44b7b6872a50b6.jpg,unknown,,
evctmappevacuation-floor-plan474_jpg.rf.a4635bd70339f910e4bd951fe0829f90.jpg,evctmappevacuation-floor-plan474_jpg.rf.a4635bd70339f910e4bd951fe0829f90.jpg_EXIT_117,EXIT,,Exit OCR MISSING
,evctmappevacuation-floor-plan474_jpg.rf.a4635bd70339f910e4bd951fe0829f90.jpg,unknown,,
evctmappevacuation-floor-plan474_jpg.rf.d78f8f7536fae1287a9bd33d6d749c0c.jpg,evctmappevacuation-floor-plan474_jpg.rf.d78f8f7536fae1287a9bd33d6d749c0c.jpg_EXIT_118,EXIT,,Exit OCR MISSING
,evctmappevacuation-floor-plan474_jpg.rf.d78f8f7536fae1287a9bd33d6d749c0c.jpg,unknown,,
evctmappevacuation-floor-plan500_jpg.rf.7be3f8068405fe2dcb5215baa1ac09aa.jpg,evctmappevacuation-floor-plan500_jpg.rf.7be3f8068405fe2dcb5215baa1ac09aa.jpg_FIREEXTINGUISHER_59,FIREEXTINGUISHER,,FireExtinguisher Confidence TOO LOW
,evctmappevacuation-floor-plan500_jpg.rf.7be3f8068405fe2dcb5215baa1ac09aa.jpg,unknown,,
evctmappevacuation-floor-plan502_jpg.rf.8e5c503fe0217472329c60b1732b108b.jpg,evctmappevacuation-floor-plan502_jpg.rf.8e5c503fe0217472329c60b1732b108b.jpg_FIREEXTINGUISHER_60,FIREEXTINGUISHER,FireExtinguisher Confidence OK,
,evctmappevacuation-floor-plan502_jpg.rf.8e5c503fe0217472329c60b1732b108b.jpg,unknown,,
evctmappevacuation-floor-plan502_jpg.rf.8e5c503fe0217472329c60b1732b108b.jpg,evctmappevacuation-floor-plan502_jpg.rf.8e5c503fe0217472329c60b1732b108b.jpg_FIREEXTINGUISHER_61,FIREEXTINGUISHER,FireExtinguisher Confidence OK,
evctmappevacuation-floor-plan502_jpg.rf.8e5c503fe0217472329c60b1732b108b.jpg,evctmappevacuation-floor-plan502_jpg.rf.8e5c503fe0217472329c60b1732b108b.jpg_FIREEXTINGUISHER_62,FIREEXTINGUISHER,FireExtinguisher Confidence OK,
evctmappevacuation-floor-plan502_jpg.rf.8e5c503fe0217472329c60b1732b108b.jpg,evctmappevacuation-floor-plan502_jpg.rf.8e5c503fe0217472329c60b1732b108b.jpg_EXIT_119,EXIT,,Exit OCR MISSING
evctmappevacuation-floor-plan502_jpg.rf.8e5c503fe0217472329c60b1732b108b.jpg,evctmappevacuation-floor-plan502_jpg.rf.8e5c503fe0217472329c60b1732b108b.jpg_FIREEXTINGUISHER_63,FIREEXTINGUISHER,FireExtinguisher Confidence OK,
evctmappevacuation-floor-plan502_jpg.rf.9cd83a131ab55baf58e4c857cdb8c62c.jpg,evctmappevacuation-floor-plan502_jpg.rf.9cd83a131ab55baf58e4c857cdb8c62c.jpg_EXIT_120,EXIT,,Exit OCR MISSING
,evctmappevacuation-floor-plan502_jpg.rf.9cd83a131ab55baf58e4c857cdb8c62c.jpg,unknown,,
evctmappevacuation-floor-plan51_jpg.rf.dfbab3d2fb166d0e1982aa561141bfcb.jpg,evctmappevacuation-floor-plan51_jpg.rf.dfbab3d2fb166d0e1982aa561141bfcb.jpg_EXIT_121,EXIT,,Exit OCR MISSING
,evctmappevacuation-floor-plan51_jpg.rf.dfbab3d2fb166d0e1982aa561141bfcb.jpg,unknown,,
evctmappevacuation-floor-plan558_jpg.rf.4eaac485477f64d5e035d2101c1eb792.jpg,evctmappevacuation-floor-plan558_jpg.rf.4eaac485477f64d5e035d2101c1eb792.jpg_FIREEXTINGUISHER_64,FIREEXTINGUISHER,,FireExtinguisher Confidence TOO LOW
,evctmappevacuation-floor-plan558_jpg.rf.4eaac485477f64d5e035d2101c1eb792.jpg,unknown,,
evctmappevacuation-floor-plan610_jpg.rf.44fb697ba918f002035765d99354e582.jpg,evctmappevacuation-floor-plan610_jpg.rf.44fb697ba918f002035765d99354e582.jpg_FIREEXTINGUISHER_65,FIREEXTINGUISHER,FireExtinguisher Confidence OK,
,evctmappevacuation-floor-plan610_jpg.rf.44fb697ba918f002035765d99354e582.jpg,unknown,,
evctmappevacuation-floor-plan610_jpg.rf.44fb697ba918f002035765d99354e582.jpg,evctmappevacuation-floor-plan610_jpg.rf.44fb697ba918f002035765d99354e582.jpg_FIREEXTINGUISHER_66,FIREEXTINGUISHER,,FireExtinguisher Confidence TOO LOW
evctmappevacuation-floor-plan615_jpg.rf.573869ab419318a0ccb29c952cbe1cf8.jpg,evctmappevacuation-floor-plan615_jpg.rf.573869ab419318a0ccb29c952cbe1cf8.jpg_EXIT_122,EXIT,,Exit OCR MISSING
,evctmappevacuation-floor-plan615_jpg.rf.573869ab419318a0ccb29c952cbe1cf8.jpg,unknown,,
evctmappevacuation-floor-plan615_jpg.rf.b5f242649717a479789d2245b0f987d2.jpg,evctmappevacuation-floor-plan615_jpg.rf.b5f242649717a479789d2245b0f987d2.jpg_FIREEXTINGUISHER_67,FIREEXTINGUISHER,,FireExtinguisher Confidence TOO LOW
,evctmappevacuation-floor-plan615_jpg.rf.b5f242649717a479789d2245b0f987d2.jpg,unknown,,
evctmappevacuation-floor-plan640_jpg.rf.b76eb0e1308c50e4e63e3e8d98387a72.jpg,evctmappevacuation-floor-plan640_jpg.rf.b76eb0e1308c50e4e63e3e8d98387a72.jpg_FIREEXTINGUISHER_68,FIREEXTINGUISHER,,FireExtinguisher Confidence TOO LOW
,evctmappevacuation-floor-plan640_jpg.rf.b76eb0e1308c50e4e63e3e8d98387a72.jpg,unknown,,
evctmappevacuation-floor-plan643_jpg.rf.e5fbd50175089c0b52993f47af73356e.jpg,evctmappevacuation-floor-plan643_jpg.rf.e5fbd50175089c0b52993f47af73356e.jpg_EXIT_123,EXIT,,Exit OCR MISSING
,evctmappevacuation-floor-plan643_jpg.rf.e5fbd50175089c0b52993f47af73356e.jpg,unknown,,
evctmappevacuation-floor-plan683_jpg.rf.7d5142630961f88a236f0512767fa94e.jpg,evctmappevacuation-floor-plan683_jpg.rf.7d5142630961f88a236f0512767fa94e.jpg_FIREEXTINGUISHER_69,FIREEXTINGUISHER,,FireExtinguisher Confidence TOO LOW
,evctmappevacuation-floor-plan683_jpg.rf.7d5142630961f88a236f0512767fa94e.jpg,unknown,,
evctmappevacuation-floor-plan686_jpg.rf.3b74d1397ee7c3152bf40ab8e3ef11b4.jpg,evctmappevacuation-floor-plan686_jpg.rf.3b74d1397ee7c3152bf40ab8e3ef11b4.jpg_EXIT_124,EXIT,,Exit OCR MISSING
,evctmappevacuation-floor-plan686_jpg.rf.3b74d1397ee7c3152bf40ab8e3ef11b4.jpg,unknown,,
evctmappevacuation-floor-plan686_jpg.rf.c7f0ba82b482daf2391ab494baa09588.jpg,evctmappevacuation-floor-plan686_jpg.rf.c7f0ba82b482daf2391ab494baa09588.jpg_FIREEXTINGUISHER_70,FIREEXTINGUISHER,FireExtinguisher Confidence OK,
,evctmappevacuation-floor-plan686_jpg.rf.c7f0ba82b482daf2391ab494baa09588.jpg,unknown,,
evctmappevacuation-floor-plan686_jpg.rf.c7f0ba82b482daf2391ab494baa09588.jpg,evctmappevacuation-floor-plan686_jpg.rf.c7f0ba82b482daf2391ab494baa09588.jpg_EXIT_125,EXIT,,Exit OCR MISSING
evctmappevacuation-floor-plan686_jpg.rf.d4c1d8949d942b20aff1f3a22900835b.jpg,evctmappevacuation-floor-plan686_jpg.rf.d4c1d8949d942b20aff1f3a22900835b.jpg_EXIT_126,EXIT,,Exit OCR MISSING
,evctmappevacuation-floor-plan686_jpg.rf.d4c1d8949d942b20aff1f3a22900835b.jpg,unknown,,
evctmappevacuation-floor-plan6_jpg.rf.0a6ac2012bc60acb0c7915f8e508e0b4.jpg,evctmappevacuation-floor-plan6_jpg.rf.0a6ac2012bc60acb0c7915f8e508e0b4.jpg_EXIT_127,EXIT,,Exit OCR MISSING
,evctmappevacuation-floor-plan6_jpg.rf.0a6ac2012bc60acb0c7915f8e508e0b4.jpg,unknown,,
evctmappevacuation-floor-plan6_jpg.rf.0a6ac2012bc60acb0c7915f8e508e0b4.jpg,evctmappevacuation-floor-plan6_jpg.rf.0a6ac2012bc60acb0c7915f8e508e0b4.jpg_FIREEXTINGUISHER_71,FIREEXTINGUISHER,,FireExtinguisher Confidence TOO LOW
evctmapppevacuation-diagram132_jpg.rf.7691774454a9317560278bab6f98d3ed.jpg,evctmapppevacuation-diagram132_jpg.rf.7691774454a9317560278bab6f98d3ed.jpg_EXIT_128,EXIT,,Exit OCR MISSING
,evctmapppevacuation-diagram132_jpg.rf.7691774454a9317560278bab6f98d3ed.jpg,unknown,,
evctmapppevacuation-diagram132_jpg.rf.997f3d4c1e235f32292e386109aff797.jpg,evctmapppevacuation-diagram132_jpg.rf.997f3d4c1e235f32292e386109aff797.jpg_EXIT_129,EXIT,,Exit OCR MISSING
,evctmapppevacuation-diagram132_jpg.rf.997f3d4c1e235f32292e386109aff797.jpg,unknown,,
evctmapppevacuation-diagram210_jpg.rf.56c7ff3f5b4dec0b48a786b039047b2f.jpg,evctmapppevacuation-diagram210_jpg.rf.56c7ff3f5b4dec0b48a786b039047b2f.jpg_FIREEXTINGUISHER_72,FIREEXTINGUISHER,,FireExtinguisher Confidence TOO LOW
,evctmapppevacuation-diagram210_jpg.rf.56c7ff3f5b4dec0b48a786b039047b2f.jpg,unknown,,
evctmapppevacuation-diagram310_jpg.rf.0046d577779c4ac33869fffebfb7da99.jpg,evctmapppevacuation-diagram310_jpg.rf.0046d577779c4ac33869fffebfb7da99.jpg_FIREEXTINGUISHER_73,FIREEXTINGUISHER,FireExtinguisher Confidence OK,
,evctmapppevacuation-diagram310_jpg.rf.0046d577779c4ac33869fffebfb7da99.jpg,unknown,,
evctmapppevacuation-diagram356_jpg.rf.cfbe43beec5190de0aec2304a119c9a4.jpg,evctmapppevacuation-diagram356_jpg.rf.cfbe43beec5190de0aec2304a119c9a4.jpg_EXIT_130,EXIT,,Exit OCR MISSING
,evctmapppevacuation-diagram356_jpg.rf.cfbe43beec5190de0aec2304a119c9a4.jpg,unknown,,
evctmapppevacuation-diagram362_jpg.rf.454bad1f958adc3c2e4ab281ac24812b.jpg,evctmapppevacuation-diagram362_jpg.rf.454bad1f958adc3c2e4ab281ac24812b.jpg_FIREEXTINGUISHER_74,FIREEXTINGUISHER,,FireExtinguisher Confidence TOO LOW
,evctmapppevacuation-diagram362_jpg.rf.454bad1f958adc3c2e4ab281ac24812b.jpg,unknown,,
evctmapppevacuation-diagram373_jpg.rf.9fb08b6ca2da709f0122d38d101e9da4.jpg,evctmapppevacuation-diagram373_jpg.rf.9fb08b6ca2da709f0122d38d101e9da4.jpg_EXIT_131,EXIT,,Exit OCR MISSING
,evctmapppevacuation-diagram373_jpg.rf.9fb08b6ca2da709f0122d38d101e9da4.jpg,unknown,,
evctmapppevacuation-diagram389_jpg.rf.68a41a587c8857f148980ff7df90458c.jpg,evctmapppevacuation-diagram389_jpg.rf.68a41a587c8857f148980ff7df90458c.jpg_FIREEXTINGUISHER_75,FIREEXTINGUISHER,,FireExtinguisher Confidence TOO LOW
,evctmapppevacuation-diagram389_jpg.rf.68a41a587c8857f148980ff7df90458c.jpg,unknown,,
evctmapppevacuation-diagram389_jpg.rf.ac8e536a5f5d28a8e508de5e3b120778.jpg,evctmapppevacuation-diagram389_jpg.rf.ac8e536a5f5d28a8e508de5e3b120778.jpg_FIREEXTINGUISHER_76,FIREEXTINGUISHER,,FireExtinguisher Confidence TOO LOW
,evctmapppevacuation-diagram389_jpg.rf.ac8e536a5f5d28a8e508de5e3b120778.jpg,unknown,,
evctmapppevacuation-diagram412_jpg.rf.43afa981d829d1e067666236ad25fbcb.jpg,evctmapppevacuation-diagram412_jpg.rf.43afa981d829d1e067666236ad25fbcb.jpg_FIREEXTINGUISHER_77,FIREEXTINGUISHER,FireExtinguisher Confidence OK,
,evctmapppevacuation-diagram412_jpg.rf.43afa981d829d1e067666236ad25fbcb.jpg,unknown,,
evctmapppevacuation-diagram416_jpg.rf.864c97b3337b787b56a80d66c0a8a4a2.jpg,evctmapppevacuation-diagram416_jpg.rf.864c97b3337b787b56a80d66c0a8a4a2.jpg_FIREEXTINGUISHER_78,FIREEXTINGUISHER,FireExtinguisher Confidence OK,
,evctmapppevacuation-diagram416_jpg.rf.864c97b3337b787b56a80d66c0a8a4a2.jpg,unknown,,
evctmapppevacuation-diagram447_jpg.rf.c564b980454f6606da8ca302dec021a1.jpg,evctmapppevacuation-diagram447_jpg.rf.c564b980454f6606da8ca302dec021a1.jpg_FIREEXTINGUISHER_79,FIREEXTINGUISHER,,FireExtinguisher Confidence TOO LOW
,evctmapppevacuation-diagram447_jpg.rf.c564b980454f6606da8ca302dec021a1.jpg,unknown,,
evctmapppevacuation-diagram447_jpg.rf.f48d5e7f31c9c4bc2667e67c69b1a090.jpg,evctmapppevacuation-diagram447_jpg.rf.f48d5e7f31c9c4bc2667e67c69b1a090.jpg_EXIT_132,EXIT,,Exit OCR MISSING
,evctmapppevacuation-diagram447_jpg.rf.f48d5e7f31c9c4bc2667e67c69b1a090.jpg,unknown,,
evctmapppevacuation-diagram48_jpg.rf.2bffad77e3e7ca00ac4b6b9f994a3e88.jpg,evctmapppevacuation-diagram48_jpg.rf.2bffad77e3e7ca00ac4b6b9f994a3e88.jpg_FIREEXTINGUISHER_80,FIREEXTINGUISHER,,FireExtinguisher Confidence TOO LOW
,evctmapppevacuation-diagram48_jpg.rf.2bffad77e3e7ca00ac4b6b9f994a3e88.jpg,unknown,,
evctmapppevacuation-diagram48_jpg.rf.f31a811e9170c2c865dc294838691db0.jpg,evctmapppevacuation-diagram48_jpg.rf.f31a811e9170c2c865dc294838691db0.jpg_FIREEXTINGUISHER_81,FIREEXTINGUISHER,FireExtinguisher Confidence OK,
,evctmapppevacuation-diagram48_jpg.rf.f31a811e9170c2c865dc294838691db0.jpg,unknown,,
evctmapppevacuation-diagram56_jpg.rf.269cb4703292f628bd812e7ef0590971.jpg,evctmapppevacuation-diagram56_jpg.rf.269cb4703292f628bd812e7ef0590971.jpg_FIREEXTINGUISHER_82,FIREEXTINGUISHER,FireExtinguisher Confidence OK,
,evctmapppevacuation-diagram56_jpg.rf.269cb4703292f628bd812e7ef0590971.jpg,unknown,,
evctmapppevacuation-diagram56_jpg.rf.269cb4703292f628bd812e7ef0590971.jpg,evctmapppevacuation-diagram56_jpg.rf.269cb4703292f628bd812e7ef0590971.jpg_FIREEXTINGUISHER_83,FIREEXTINGUISHER,,FireExtinguisher Confidence TOO LOW
evctmapppevacuation-diagram56_jpg.rf.a9047490a9c906a8bac58072df6321db.jpg,evctmapppevacuation-diagram56_jpg.rf.a9047490a9c906a8bac58072df6321db.jpg_FIREEXTINGUISHER_84,FIREEXTINGUISHER,FireExtinguisher Confidence OK,
,evctmapppevacuation-diagram56_jpg.rf.a9047490a9c906a8bac58072df6321db.jpg,unknown,,
evctmapppevacuation-diagram56_jpg.rf.d373245ec4100cb7027c360b1cd26389.jpg,evctmapppevacuation-diagram56_jpg.rf.d373245ec4100cb7027c360b1cd26389.jpg_FIREEXTINGUISHER_85,FIREEXTINGUISHER,FireExtinguisher Confidence OK,
,evctmapppevacuation-diagram56_jpg.rf.d373245ec4100cb7027c360b1cd26389.jpg,unknown,,
evctmapppevacuation-diagram611_jpg.rf.91f9dec628b81ade54d55d4d277cfc5e.jpg,evctmapppevacuation-diagram611_jpg.rf.91f9dec628b81ade54d55d4d277cfc5e.jpg_FIREEXTINGUISHER_86,FIREEXTINGUISHER,,FireExtinguisher Confidence TOO LOW
,evctmapppevacuation-diagram611_jpg.rf.91f9dec628b81ade54d55d4d277cfc5e.jpg,unknown,,
evctmapppevacuation-diagram693_jpg.rf.49e7543021764a57f51f9b3a7e9ab9b5.jpg,evctmapppevacuation-diagram693_jpg.rf.49e7543021764a57f51f9b3a7e9ab9b5.jpg_EXIT_133,EXIT,,Exit OCR MISSING
,evctmapppevacuation-diagram693_jpg.rf.49e7543021764a57f51f9b3a7e9ab9b5.jpg,unknown,,
evctmapppevacuation-diagram693_jpg.rf.49e7543021764a57f51f9b3a7e9ab9b5.jpg,evctmapppevacuation-diagram693_jpg.rf.49e7543021764a57f51f9b3a7e9ab9b5.jpg_FIREEXTINGUISHER_87,FIREEXTINGUISHER,,FireExtinguisher Confidence TOO LOW
evctmapppevacuation-diagram72_jpg.rf.82686074d85e441a3c162c24557e8f9d.jpg,evctmapppevacuation-diagram72_jpg.rf.82686074d85e441a3c162c24557e8f9d.jpg_FIREEXTINGUISHER_88,FIREEXTINGUISHER,,FireExtinguisher Confidence TOO LOW
,evctmapppevacuation-diagram72_jpg.rf.82686074d85e441a3c162c24557e8f9d.jpg,unknown,,
