image_path,ifc_class,ifc_type,confidence,bbox_xywh,det_class,det_conf,ocr_text,ocr_conf,ocr_norm,conflict
/home/coder/thesis-yolo/runs_gpu/evac_v12_pred_with_labels/KakaoTalk_20240319_133126275_jpg.rf.b10b770156fad18531f735afa211f6b6.jpg,IfcFireSuppressionTerminal,FIREEXTINGUISHER,0.332,"[425, 93, 17, 39]",fire_extinguisher,0.332,ITc,0.1234,,False
/home/coder/thesis-yolo/runs_gpu/evac_v12_pred_with_labels/KakaoTalk_20240325_162133706_04_jpg.rf.470f2fd4b0e4d6a203d659c3ac2ff49b.jpg,IfcFireSuppressionTerminal,FIREEXTINGUISHER,0.127,"[342, 558, 11, 10]",fire_extinguisher,0.2774,Ga,0.0023,,False
/home/coder/thesis-yolo/runs_gpu/evac_v12_pred_with_labels/KakaoTalk_20240325_162133706_06_jpg.rf.6ab13f86d2b307e02c69f678f1ab4042.jpg,IfcDoor,EXIT,0.303,"[168, 299, 16, 21]",exit,0.3033,1,0.9674,,False
/home/coder/thesis-yolo/runs_gpu/evac_v12_pred_with_labels/KakaoTalk_20240325_162133706_07_jpg.rf.01e7a87e0d6bcc1aa3bb7d940d5b9bd9.jpg,IfcDoor,EXIT,0.813,"[249, 537, 31, 52]",exit,0.8128,R4,0.0819,,False
/home/coder/thesis-yolo/runs_gpu/evac_v12_pred_with_labels/KakaoTalk_20240325_162133706_07_jpg.rf.5591e80f61f9e87b51c0e285b55ba7f5.jpg,IfcDoor,EXIT,0.674,"[382, 535, 31, 49]",exit,0.6744,R,0.2768,,False
/home/coder/thesis-yolo/runs_gpu/evac_v12_pred_with_labels/KakaoTalk_20240325_162133706_07_jpg.rf.f1cf771e1a92454ebd5fa2139e81de47.jpg,IfcDoor,EXIT,0.817,"[339, 543, 34, 50]",exit,0.8174,74,0.67,,False
/home/coder/thesis-yolo/runs_gpu/evac_v12_pred_with_labels/KakaoTalk_20240330_153803899_01_jpg.rf.959cf5de93d52bfddbda353d8418c921.jpg,IfcDoor,EXIT,0.846,"[362, 477, 42, 56]",exit,0.8458,78,0.1097,,False
/home/coder/thesis-yolo/runs_gpu/evac_v12_pred_with_labels/KakaoTalk_20240330_153803899_01_jpg.rf.ae64b8a21d67a0f70c62d50e92ec626e.jpg,IfcDoor,EXIT,0.888,"[152, 420, 40, 54]",exit,0.8877,9/,0.1202,,False
/home/coder/thesis-yolo/runs_gpu/evac_v12_pred_with_labels/KakaoTalk_20240330_153803899_01_jpg.rf.ae64b8a21d67a0f70c62d50e92ec626e.jpg,IfcDoor,EXIT,0.3,"[117, 320, 66, 89]",exit,0.2996,1,0.6318,,False
/home/coder/thesis-yolo/runs_gpu/evac_v12_pred_with_labels/KakaoTalk_20240330_153803899_02_jpg.rf.6b0204ee81d0a1c3bb8f5ececea71058.jpg,IfcDoor,EXIT,0.853,"[106, 313, 37, 48]",exit,0.8526,R,0.0601,,False
/home/coder/thesis-yolo/runs_gpu/evac_v12_pred_with_labels/KakaoTalk_20240330_153803899_02_jpg.rf.6b0204ee81d0a1c3bb8f5ececea71058.jpg,IfcDoor,EXIT,0.756,"[197, 431, 35, 50]",exit,0.7563,4,0.2766,,False
/home/coder/thesis-yolo/runs_gpu/evac_v12_pred_with_labels/KakaoTalk_20240330_153803899_02_jpg.rf.6b0204ee81d0a1c3bb8f5ececea71058.jpg,IfcDoor,EXIT,0.512,"[396, 452, 37, 50]",exit,0.5125,1,0.7772,,False
/home/coder/thesis-yolo/runs_gpu/evac_v12_pred_with_labels/KakaoTalk_20240330_153803899_02_jpg.rf.939a102bc7119b3636730fa7a78711c3.jpg,IfcDoor,EXIT,0.717,"[492, 326, 38, 50]",exit,0.7167,1,0.3108,,False
/home/coder/thesis-yolo/runs_gpu/evac_v12_pred_with_labels/KakaoTalk_20240330_153803899_02_jpg.rf.939a102bc7119b3636730fa7a78711c3.jpg,IfcDoor,EXIT,0.515,"[190, 444, 46, 54]",exit,0.5146,'1i,0.4088,,False
/home/coder/thesis-yolo/runs_gpu/evac_v12_pred_with_labels/KakaoTalk_20240330_153803899_02_jpg.rf.939a102bc7119b3636730fa7a78711c3.jpg,IfcDoor,EXIT,0.489,"[394, 438, 41, 53]",exit,0.489,71,0.1994,,False
/home/coder/thesis-yolo/runs_gpu/evac_v12_pred_with_labels/KakaoTalk_20240330_153803899_03_jpg.rf.b1d221f32f89ed2f577301a6d24d86df.jpg,IfcDoor,EXIT,0.757,"[392, 433, 37, 52]",exit,0.7571,14,0.6945,,False
/home/coder/thesis-yolo/runs_gpu/evac_v12_pred_with_labels/KakaoTalk_20240330_153803899_03_jpg.rf.c367c568d1ebe367e7d4f8c604b6920a.jpg,IfcDoor,EXIT,0.821,"[139, 375, 49, 47]",exit,0.8207,2e,0.0023,,False
/home/coder/thesis-yolo/runs_gpu/evac_v12_pred_with_labels/KakaoTalk_20240330_153803899_03_jpg.rf.c367c568d1ebe367e7d4f8c604b6920a.jpg,IfcDoor,EXIT,0.728,"[196, 432, 44, 46]",exit,0.728,1,0.3893,,False
/home/coder/thesis-yolo/runs_gpu/evac_v12_pred_with_labels/KakaoTalk_20240330_153803899_03_jpg.rf.c367c568d1ebe367e7d4f8c604b6920a.jpg,IfcDoor,EXIT,0.344,"[134, 350, 56, 76]",exit,0.3437,4i,0.7388,,False
/home/coder/thesis-yolo/runs_gpu/evac_v12_pred_with_labels/KakaoTalk_20240330_153803899_03_jpg.rf.c367c568d1ebe367e7d4f8c604b6920a.jpg,IfcDoor,EXIT,0.338,"[150, 374, 33, 48]",exit,0.3376,;,0.1132,,False
/home/coder/thesis-yolo/runs_gpu/evac_v12_pred_with_labels/KakaoTalk_20240330_153803899_03_jpg.rf.f8819cfdc033ec7c6ef20d493312869d.jpg,IfcDoor,EXIT,0.763,"[362, 447, 45, 53]",exit,0.7632,9,0.0818,,False
/home/coder/thesis-yolo/runs_gpu/evac_v12_pred_with_labels/KakaoTalk_20240330_153803899_03_jpg.rf.f8819cfdc033ec7c6ef20d493312869d.jpg,IfcDoor,EXIT,0.679,"[354, 423, 55, 78]",exit,0.6794,2,0.7867,,False
/home/coder/thesis-yolo/runs_gpu/evac_v12_pred_with_labels/KakaoTalk_20240330_153803899_04_jpg.rf.0da9e56a974d8d355a93f9133fbcbbd1.jpg,IfcDoor,EXIT,0.878,"[243, 370, 53, 67]",exit,0.878,{e,0.0088,,False
/home/coder/thesis-yolo/runs_gpu/evac_v12_pred_with_labels/KakaoTalk_20240330_153803899_04_jpg.rf.0da9e56a974d8d355a93f9133fbcbbd1.jpg,IfcDoor,EXIT,0.826,"[239, 345, 58, 96]",exit,0.8255,1,0.8869,,False
/home/coder/thesis-yolo/runs_gpu/evac_v12_pred_with_labels/KakaoTalk_20240330_153803899_04_jpg.rf.579a9f7345ee4d5f9dcbebde299d7544.jpg,IfcDoor,EXIT,0.896,"[318, 378, 57, 72]",exit,0.8956,41,0.2803,,False
/home/coder/thesis-yolo/runs_gpu/evac_v12_pred_with_labels/KakaoTalk_20240330_153803899_04_jpg.rf.f218ad87d6cd4b8d44e4a1aa168901c4.jpg,IfcDoor,EXIT,0.895,"[341, 372, 47, 65]",exit,0.8953,20,0.0197,,False
/home/coder/thesis-yolo/runs_gpu/evac_v12_pred_with_labels/KakaoTalk_20240330_153803899_05_jpg.rf.0c119ec54703160bc8c474f60c8d1895.jpg,IfcDoor,EXIT,0.873,"[377, 283, 34, 46]",exit,0.8731,4,0.6916,,False
/home/coder/thesis-yolo/runs_gpu/evac_v12_pred_with_labels/KakaoTalk_20240330_153803899_05_jpg.rf.e4776cd62813e41ccc5e51aa97203213.jpg,IfcDoor,EXIT,0.827,"[359, 274, 60, 82]",exit,0.8272,P:,0.6868,,False
/home/coder/thesis-yolo/runs_gpu/evac_v12_pred_with_labels/KakaoTalk_20240330_153803899_05_jpg.rf.e4776cd62813e41ccc5e51aa97203213.jpg,IfcDoor,EXIT,0.791,"[373, 299, 46, 55]",exit,0.791,28aa,0.0015,,False
/home/coder/thesis-yolo/runs_gpu/evac_v12_pred_with_labels/KakaoTalk_20240330_153803899_05_jpg.rf.f7c28aec03afdbd8c35406043df8dcec.jpg,IfcDoor,EXIT,0.853,"[224, 281, 40, 51]",exit,0.8529,#,0.5239,,False
/home/coder/thesis-yolo/runs_gpu/evac_v12_pred_with_labels/KakaoTalk_20240330_153803899_06_jpg.rf.2f23a961108e87e820e2ae586f99a692.jpg,IfcDoor,EXIT,0.889,"[366, 405, 42, 62]",exit,0.8891,Ss,0.0107,,False
/home/coder/thesis-yolo/runs_gpu/evac_v12_pred_with_labels/KakaoTalk_20240330_153803899_06_jpg.rf.2f23a961108e87e820e2ae586f99a692.jpg,IfcDoor,EXIT,0.858,"[401, 335, 41, 55]",exit,0.858,1,0.1115,,False
/home/coder/thesis-yolo/runs_gpu/evac_v12_pred_with_labels/KakaoTalk_20240330_153803899_06_jpg.rf.2f23a961108e87e820e2ae586f99a692.jpg,IfcDoor,EXIT,0.808,"[398, 308, 46, 85]",exit,0.8076,14,0.3589,,False
/home/coder/thesis-yolo/runs_gpu/evac_v12_pred_with_labels/KakaoTalk_20240330_153803899_06_jpg.rf.dee67d32adad3fab8009044bdeb0c15b.jpg,IfcDoor,EXIT,0.889,"[366, 409, 40, 59]",exit,0.889,1,0.9916,,False
/home/coder/thesis-yolo/runs_gpu/evac_v12_pred_with_labels/KakaoTalk_20240330_153803899_06_jpg.rf.dee67d32adad3fab8009044bdeb0c15b.jpg,IfcDoor,EXIT,0.884,"[401, 339, 43, 52]",exit,0.8842,14,0.3363,,False
/home/coder/thesis-yolo/runs_gpu/evac_v12_pred_with_labels/KakaoTalk_20240330_153803899_06_jpg.rf.fabefdeef536a091d8a7ddd45b5be7e5.jpg,IfcDoor,EXIT,0.889,"[207, 391, 50, 63]",exit,0.8889,45,0.0392,,False
/home/coder/thesis-yolo/runs_gpu/evac_v12_pred_with_labels/KakaoTalk_20240330_153803899_06_jpg.rf.fabefdeef536a091d8a7ddd45b5be7e5.jpg,IfcDoor,EXIT,0.867,"[181, 315, 54, 60]",exit,0.8672,i,0.0276,,False
/home/coder/thesis-yolo/runs_gpu/evac_v12_pred_with_labels/KakaoTalk_20240330_153803899_06_jpg.rf.fabefdeef536a091d8a7ddd45b5be7e5.jpg,IfcDoor,EXIT,0.851,"[173, 290, 63, 89]",exit,0.8508,2.,0.1185,,False
/home/coder/thesis-yolo/runs_gpu/evac_v12_pred_with_labels/KakaoTalk_20240330_153803899_07_jpg.rf.6ef2d245f567fdf7844e8575739f6e5c.jpg,IfcDoor,EXIT,0.852,"[377, 459, 40, 53]",exit,0.8515,{e,0.0069,,False
/home/coder/thesis-yolo/runs_gpu/evac_v12_pred_with_labels/KakaoTalk_20240330_153803899_07_jpg.rf.ace706353d428209c8978a79e7877db4.jpg,IfcDoor,EXIT,0.865,"[410, 440, 46, 53]",exit,0.8648,14,0.3227,,False
/home/coder/thesis-yolo/runs_gpu/evac_v12_pred_with_labels/KakaoTalk_20240330_153803899_07_jpg.rf.ace706353d428209c8978a79e7877db4.jpg,IfcDoor,EXIT,0.679,"[452, 372, 48, 50]",exit,0.6795,0,0.2758,,False
/home/coder/thesis-yolo/runs_gpu/evac_v12_pred_with_labels/KakaoTalk_20240330_153803899_07_jpg.rf.ace706353d428209c8978a79e7877db4.jpg,IfcDoor,EXIT,0.309,"[449, 346, 51, 77]",exit,0.3088,Ge,0.0255,,False
/home/coder/thesis-yolo/runs_gpu/evac_v12_pred_with_labels/KakaoTalk_20240330_153803899_07_jpg.rf.d722b66dc5a5a727ccda2082d62a3644.jpg,IfcDoor,EXIT,0.875,"[410, 437, 48, 57]",exit,0.8748,"""",0.6188,,False
/home/coder/thesis-yolo/runs_gpu/evac_v12_pred_with_labels/KakaoTalk_20240330_153803899_07_jpg.rf.d722b66dc5a5a727ccda2082d62a3644.jpg,IfcDoor,EXIT,0.812,"[453, 370, 49, 53]",exit,0.8116,1,0.7788,,False
/home/coder/thesis-yolo/runs_gpu/evac_v12_pred_with_labels/KakaoTalk_20240330_153803899_07_jpg.rf.d722b66dc5a5a727ccda2082d62a3644.jpg,IfcDoor,EXIT,0.678,"[451, 341, 52, 80]",exit,0.6777,4,0.2318,,False
/home/coder/thesis-yolo/runs_gpu/evac_v12_pred_with_labels/KakaoTalk_20240330_153803899_08_jpg.rf.5b0d8da7b6c4118f11352f2174c133c7.jpg,IfcDoor,EXIT,0.874,"[421, 177, 64, 97]",exit,0.8738,8,0.7947,,False
/home/coder/thesis-yolo/runs_gpu/evac_v12_pred_with_labels/KakaoTalk_20240330_153803899_08_jpg.rf.5b0d8da7b6c4118f11352f2174c133c7.jpg,IfcDoor,EXIT,0.867,"[129, 311, 63, 77]",exit,0.8668,7,0.0195,,False
/home/coder/thesis-yolo/runs_gpu/evac_v12_pred_with_labels/KakaoTalk_20240330_153803899_08_jpg.rf.5b0d8da7b6c4118f11352f2174c133c7.jpg,IfcDoor,EXIT,0.841,"[424, 207, 59, 65]",exit,0.8414,4,0.9946,,False
/home/coder/thesis-yolo/runs_gpu/evac_v12_pred_with_labels/KakaoTalk_20240330_153803899_08_jpg.rf.5b0d8da7b6c4118f11352f2174c133c7.jpg,IfcDoor,EXIT,0.466,"[125, 286, 68, 102]",exit,0.4659,2,0.0049,,False
/home/coder/thesis-yolo/runs_gpu/evac_v12_pred_with_labels/KakaoTalk_20240330_153803899_08_jpg.rf.9a71078ff8c3d1361bcad5f1ec704f7b.jpg,IfcDoor,EXIT,0.894,"[441, 349, 52, 65]",exit,0.8941,44n{,0.0051,,False
/home/coder/thesis-yolo/runs_gpu/evac_v12_pred_with_labels/KakaoTalk_20240330_153803899_08_jpg.rf.9a71078ff8c3d1361bcad5f1ec704f7b.jpg,IfcDoor,EXIT,0.878,"[180, 172, 48, 69]",exit,0.8776,},0.9163,,False
/home/coder/thesis-yolo/runs_gpu/evac_v12_pred_with_labels/KakaoTalk_20240330_153803899_08_jpg.rf.d92d77cb566af8b00d5246070cad898d.jpg,IfcDoor,EXIT,0.879,"[149, 353, 44, 65]",exit,0.879,e,0.0449,,False
/home/coder/thesis-yolo/runs_gpu/evac_v12_pred_with_labels/KakaoTalk_20240330_153803899_08_jpg.rf.d92d77cb566af8b00d5246070cad898d.jpg,IfcDoor,EXIT,0.861,"[405, 176, 45, 61]",exit,0.8606,4,0.845,,False
/home/coder/thesis-yolo/runs_gpu/evac_v12_pred_with_labels/KakaoTalk_20240330_153803899_09_jpg.rf.5a533f68147ae474e32a79b0c4f18a9e.jpg,IfcDoor,EXIT,0.481,"[278, 390, 23, 32]",exit,0.4811,4,0.8109,,False
/home/coder/thesis-yolo/runs_gpu/evac_v12_pred_with_labels/KakaoTalk_20240330_153803899_10_jpg.rf.68aa21cf56f333ea5ada533d0e0e8ecd.jpg,IfcDoor,EXIT,0.894,"[334, 427, 54, 71]",exit,0.8936,4,0.4916,,False
/home/coder/thesis-yolo/runs_gpu/evac_v12_pred_with_labels/KakaoTalk_20240330_153803899_10_jpg.rf.68aa21cf56f333ea5ada533d0e0e8ecd.jpg,IfcDoor,EXIT,0.886,"[444, 301, 53, 65]",exit,0.8864,1R,0.3299,,False
/home/coder/thesis-yolo/runs_gpu/evac_v12_pred_with_labels/KakaoTalk_20240330_153803899_10_jpg.rf.68aa21cf56f333ea5ada533d0e0e8ecd.jpg,IfcDoor,EXIT,0.884,"[129, 400, 59, 99]",exit,0.8841,1,0.9971,,False
/home/coder/thesis-yolo/runs_gpu/evac_v12_pred_with_labels/KakaoTalk_20240330_153803899_10_jpg.rf.68aa21cf56f333ea5ada533d0e0e8ecd.jpg,IfcDoor,EXIT,0.848,"[133, 423, 54, 76]",exit,0.8476,4,0.982,,False
/home/coder/thesis-yolo/runs_gpu/evac_v12_pred_with_labels/KakaoTalk_20240330_153803899_10_jpg.rf.68aa21cf56f333ea5ada533d0e0e8ecd.jpg,IfcDoor,EXIT,0.786,"[439, 276, 59, 92]",exit,0.786,4,0.765,,False
/home/coder/thesis-yolo/runs_gpu/evac_v12_pred_with_labels/KakaoTalk_20240330_153803899_10_jpg.rf.82d9275f6e4ea197a222f3e74ac74ec8.jpg,IfcDoor,EXIT,0.869,"[454, 273, 38, 61]",exit,0.8691,4,0.5549,,False
/home/coder/thesis-yolo/runs_gpu/evac_v12_pred_with_labels/KakaoTalk_20240330_153803899_10_jpg.rf.82d9275f6e4ea197a222f3e74ac74ec8.jpg,IfcDoor,EXIT,0.794,"[370, 419, 39, 63]",exit,0.7937,1,0.5577,,False
/home/coder/thesis-yolo/runs_gpu/evac_v12_pred_with_labels/KakaoTalk_20240330_153803899_10_jpg.rf.82d9275f6e4ea197a222f3e74ac74ec8.jpg,IfcDoor,EXIT,0.609,"[171, 456, 42, 66]",exit,0.6087,4,0.285,,False
/home/coder/thesis-yolo/runs_gpu/evac_v12_pred_with_labels/KakaoTalk_20240330_153803899_10_jpg.rf.82d9275f6e4ea197a222f3e74ac74ec8.jpg,IfcDoor,EXIT,0.58,"[367, 393, 46, 91]",exit,0.5795,Ss,0.0083,,False
/home/coder/thesis-yolo/runs_gpu/evac_v12_pred_with_labels/KakaoTalk_20240330_153803899_10_jpg.rf.82d9275f6e4ea197a222f3e74ac74ec8.jpg,IfcDoor,EXIT,0.429,"[158, 437, 56, 87]",exit,0.429,2,0.838,,False
/home/coder/thesis-yolo/runs_gpu/evac_v12_pred_with_labels/KakaoTalk_20240330_153803899_10_jpg.rf.c336157ba3a1837095f499b61fc3157c.jpg,IfcDoor,EXIT,0.894,"[342, 430, 46, 63]",exit,0.8941,11,0.359,,False
/home/coder/thesis-yolo/runs_gpu/evac_v12_pred_with_labels/KakaoTalk_20240330_153803899_10_jpg.rf.c336157ba3a1837095f499b61fc3157c.jpg,IfcDoor,EXIT,0.889,"[451, 299, 48, 64]",exit,0.8889,72,0.0274,,False
/home/coder/thesis-yolo/runs_gpu/evac_v12_pred_with_labels/KakaoTalk_20240330_153803899_10_jpg.rf.c336157ba3a1837095f499b61fc3157c.jpg,IfcDoor,EXIT,0.866,"[141, 435, 47, 66]",exit,0.866,1C,0.0312,,False
/home/coder/thesis-yolo/runs_gpu/evac_v12_pred_with_labels/KakaoTalk_20240330_153803899_10_jpg.rf.c336157ba3a1837095f499b61fc3157c.jpg,IfcDoor,EXIT,0.853,"[131, 416, 57, 85]",exit,0.8527,1 (,0.0266,,False
/home/coder/thesis-yolo/runs_gpu/evac_v12_pred_with_labels/KakaoTalk_20240330_153803899_10_jpg.rf.c336157ba3a1837095f499b61fc3157c.jpg,IfcDoor,EXIT,0.314,"[116, 404, 75, 99]",exit,0.3137,2,0.9077,,False
/home/coder/thesis-yolo/runs_gpu/evac_v12_pred_with_labels/KakaoTalk_20240330_153803899_11_jpg.rf.2190b199b7aa354ea4c8887dda605c53.jpg,IfcDoor,EXIT,0.887,"[261, 474, 54, 71]",exit,0.8866,4,0.3153,,False
/home/coder/thesis-yolo/runs_gpu/evac_v12_pred_with_labels/KakaoTalk_20240330_153803899_11_jpg.rf.499524f6602ac0c83e7acca083361254.jpg,IfcDoor,EXIT,0.896,"[353, 467, 58, 71]",exit,0.8956,0,0.1893,,False
/home/coder/thesis-yolo/runs_gpu/evac_v12_pred_with_labels/KakaoTalk_20240330_153803899_11_jpg.rf.77f208f10d79fbca21dfbc29e9ae6b18.jpg,IfcDoor,EXIT,0.89,"[278, 475, 45, 70]",exit,0.8905,1,0.8483,,False
/home/coder/thesis-yolo/runs_gpu/evac_v12_pred_with_labels/KakaoTalk_20240330_153803899_12_jpg.rf.4099e028dee5a4fe3d99bd848a68c06f.jpg,IfcDoor,EXIT,0.901,"[566, 324, 50, 70]",exit,0.9012,1,0.9913,,False
/home/coder/thesis-yolo/runs_gpu/evac_v12_pred_with_labels/KakaoTalk_20240330_153803899_12_jpg.rf.4099e028dee5a4fe3d99bd848a68c06f.jpg,IfcDoor,EXIT,0.853,"[240, 93, 56, 92]",exit,0.8528,4,0.8968,,False
/home/coder/thesis-yolo/runs_gpu/evac_v12_pred_with_labels/KakaoTalk_20240330_153803899_12_jpg.rf.4099e028dee5a4fe3d99bd848a68c06f.jpg,IfcDoor,EXIT,0.771,"[249, 114, 46, 67]",exit,0.7713,8i,0.0021,,False
/home/coder/thesis-yolo/runs_gpu/evac_v12_pred_with_labels/KakaoTalk_20240330_153803899_12_jpg.rf.43429a4fb07053da63f9365464c34c3b.jpg,IfcDoor,EXIT,0.854,"[549, 343, 56, 88]",exit,0.8541,91,0.5724,,False
/home/coder/thesis-yolo/runs_gpu/evac_v12_pred_with_labels/KakaoTalk_20240330_153803899_12_jpg.rf.43429a4fb07053da63f9365464c34c3b.jpg,IfcDoor,EXIT,0.84,"[270, 100, 50, 79]",exit,0.8404,en,0.0136,,False
/home/coder/thesis-yolo/runs_gpu/evac_v12_pred_with_labels/KakaoTalk_20240330_153803899_12_jpg.rf.43429a4fb07053da63f9365464c34c3b.jpg,IfcDoor,EXIT,0.835,"[275, 113, 44, 64]",exit,0.8353,Ln,0.015,,False
/home/coder/thesis-yolo/runs_gpu/evac_v12_pred_with_labels/KakaoTalk_20240330_153803899_12_jpg.rf.43429a4fb07053da63f9365464c34c3b.jpg,IfcDoor,EXIT,0.821,"[560, 360, 44, 70]",exit,0.8214,1,0.0894,,False
/home/coder/thesis-yolo/runs_gpu/evac_v12_pred_with_labels/KakaoTalk_20240330_153803899_12_jpg.rf.9cf146d82ae7e6cee61058863e0360c5.jpg,IfcDoor,EXIT,0.881,"[330, 115, 43, 64]",exit,0.8806,1,0.9581,,False
/home/coder/thesis-yolo/runs_gpu/evac_v12_pred_with_labels/KakaoTalk_20240330_153803899_12_jpg.rf.9cf146d82ae7e6cee61058863e0360c5.jpg,IfcDoor,EXIT,0.88,"[327, 90, 49, 91]",exit,0.8802,4,0.8641,,False
/home/coder/thesis-yolo/runs_gpu/evac_v12_pred_with_labels/KakaoTalk_20240330_153803899_12_jpg.rf.9cf146d82ae7e6cee61058863e0360c5.jpg,IfcDoor,EXIT,0.878,"[28, 344, 48, 73]",exit,0.8784,1L,0.339,,False
/home/coder/thesis-yolo/runs_gpu/evac_v12_pred_with_labels/KakaoTalk_20240330_153803899_13_jpg.rf.1ab5cf0d9800c92ab735b820d2bb15b0.jpg,IfcDoor,EXIT,0.905,"[62, 326, 42, 58]",exit,0.9046,(= _,0.0354,,False
/home/coder/thesis-yolo/runs_gpu/evac_v12_pred_with_labels/KakaoTalk_20240330_153803899_13_jpg.rf.1ab5cf0d9800c92ab735b820d2bb15b0.jpg,IfcDoor,EXIT,0.771,"[457, 113, 46, 56]",exit,0.7714,1,0.8564,,False
/home/coder/thesis-yolo/runs_gpu/evac_v12_pred_with_labels/KakaoTalk_20240330_153803899_13_jpg.rf.60fa36f6e8ef0c6703357534bb6d80e7.jpg,IfcDoor,EXIT,0.885,"[535, 327, 40, 57]",exit,0.8853,4,0.2109,,False
/home/coder/thesis-yolo/runs_gpu/evac_v12_pred_with_labels/KakaoTalk_20240330_153803899_13_jpg.rf.60fa36f6e8ef0c6703357534bb6d80e7.jpg,IfcDoor,EXIT,0.882,"[131, 88, 50, 80]",exit,0.8822,4,0.3091,,False
/home/coder/thesis-yolo/runs_gpu/evac_v12_pred_with_labels/KakaoTalk_20240330_153803899_13_jpg.rf.60fa36f6e8ef0c6703357534bb6d80e7.jpg,IfcDoor,EXIT,0.873,"[133, 114, 46, 53]",exit,0.8733,4,0.9462,,False
/home/coder/thesis-yolo/runs_gpu/evac_v12_pred_with_labels/KakaoTalk_20240330_153803899_13_jpg.rf.e9f6b5cbd6eb07cf65acef498f15156d.jpg,IfcDoor,EXIT,0.889,"[53, 282, 53, 64]",exit,0.889,74n,0.0144,,False
/home/coder/thesis-yolo/runs_gpu/evac_v12_pred_with_labels/KakaoTalk_20240330_153803899_13_jpg.rf.e9f6b5cbd6eb07cf65acef498f15156d.jpg,IfcDoor,EXIT,0.878,"[485, 140, 52, 63]",exit,0.8777,2,0.842,,False
/home/coder/thesis-yolo/runs_gpu/evac_v12_pred_with_labels/KakaoTalk_20240330_153803899_13_jpg.rf.e9f6b5cbd6eb07cf65acef498f15156d.jpg,IfcDoor,EXIT,0.724,"[478, 112, 63, 95]",exit,0.7238,Auan(,0.0011,,False
/home/coder/thesis-yolo/runs_gpu/evac_v12_pred_with_labels/KakaoTalk_20240330_153803899_13_jpg.rf.e9f6b5cbd6eb07cf65acef498f15156d.jpg,IfcDoor,EXIT,0.495,"[43, 263, 65, 85]",exit,0.4954,eut,0.483,,False
/home/coder/thesis-yolo/runs_gpu/evac_v12_pred_with_labels/KakaoTalk_20240330_153803899_14_jpg.rf.dced5cc79c1c2740117164e6cf5b2408.jpg,IfcDoor,EXIT,0.882,"[508, 378, 53, 67]",exit,0.8824,1s,0.006,,False
/home/coder/thesis-yolo/runs_gpu/evac_v12_pred_with_labels/KakaoTalk_20240330_153803899_14_jpg.rf.dced5cc79c1c2740117164e6cf5b2408.jpg,IfcDoor,EXIT,0.836,"[163, 59, 56, 66]",exit,0.8356,s,0.0673,,False
/home/coder/thesis-yolo/runs_gpu/evac_v12_pred_with_labels/KakaoTalk_20240330_153803899_14_jpg.rf.dced5cc79c1c2740117164e6cf5b2408.jpg,IfcDoor,EXIT,0.81,"[500, 349, 64, 101]",exit,0.8104,1,0.8176,,False
/home/coder/thesis-yolo/runs_gpu/evac_v12_pred_with_labels/KakaoTalk_20240330_153803899_14_jpg.rf.dced5cc79c1c2740117164e6cf5b2408.jpg,IfcDoor,EXIT,0.581,"[152, 33, 71, 98]",exit,0.5811,1,0.3052,,False
/home/coder/thesis-yolo/runs_gpu/evac_v12_pred_with_labels/KakaoTalk_20240330_153803899_14_jpg.rf.f2ba07bbbf00dc8dc432d847f424f787.jpg,IfcDoor,EXIT,0.881,"[63, 325, 48, 67]",exit,0.8814,1L =,0.2091,,False
/home/coder/thesis-yolo/runs_gpu/evac_v12_pred_with_labels/KakaoTalk_20240330_153803899_14_jpg.rf.f2ba07bbbf00dc8dc432d847f424f787.jpg,IfcDoor,EXIT,0.751,"[472, 70, 49, 88]",exit,0.7509,14,0.1479,,False
/home/coder/thesis-yolo/runs_gpu/evac_v12_pred_with_labels/KakaoTalk_20240330_153803899_14_jpg.rf.f2ba07bbbf00dc8dc432d847f424f787.jpg,IfcDoor,EXIT,0.338,"[474, 98, 44, 59]",exit,0.3383,1,0.9658,,False
/home/coder/thesis-yolo/runs_gpu/evac_v12_pred_with_labels/KakaoTalk_20240330_153803899_14_jpg.rf.f7e87cef1806b996a86644ede7d94263.jpg,IfcDoor,EXIT,0.866,"[59, 299, 51, 66]",exit,0.8659,2!,0.2472,,False
/home/coder/thesis-yolo/runs_gpu/evac_v12_pred_with_labels/KakaoTalk_20240330_153803899_14_jpg.rf.f7e87cef1806b996a86644ede7d94263.jpg,IfcDoor,EXIT,0.826,"[494, 114, 50, 68]",exit,0.8264,11,0.0722,,False
/home/coder/thesis-yolo/runs_gpu/evac_v12_pred_with_labels/KakaoTalk_20240330_153803899_14_jpg.rf.f7e87cef1806b996a86644ede7d94263.jpg,IfcDoor,EXIT,0.758,"[487, 85, 61, 99]",exit,0.7577,{0,0.5269,,False
/home/coder/thesis-yolo/runs_gpu/evac_v12_pred_with_labels/KakaoTalk_20240330_153803899_14_jpg.rf.f7e87cef1806b996a86644ede7d94263.jpg,IfcDoor,EXIT,0.732,"[49, 270, 61, 100]",exit,0.7319,1,0.7229,,False
/home/coder/thesis-yolo/runs_gpu/evac_v12_pred_with_labels/KakaoTalk_20240330_153803899_jpg.rf.f32b1c686b1fc90ca16000564ee9a567.jpg,IfcDoor,EXIT,0.399,"[410, 306, 30, 36]",exit,0.3989,Yu,0.0827,,False
/home/coder/thesis-yolo/runs_gpu/evac_v12_pred_with_labels/KakaoTalk_20240405_160640520_01_jpg.rf.a37c1cd6e45e32b7aa72a4612625e040.jpg,IfcDoor,EXIT,0.109,"[136, 547, 10, 10]",exit,0.2593,15,0.0603,,False
/home/coder/thesis-yolo/runs_gpu/evac_v12_pred_with_labels/KakaoTalk_20240405_160640520_03_jpg.rf.31ec73feed4a354cc72b095862dc43e7.jpg,IfcFireSuppressionTerminal,FIREEXTINGUISHER,0.545,"[377, 464, 13, 17]",fire_extinguisher,0.6953,Ky,0.0882,,False
/home/coder/thesis-yolo/runs_gpu/evac_v12_pred_with_labels/KakaoTalk_20240405_160640520_03_jpg.rf.c05806bd430541712a7bfa72e9b5935b.jpg,IfcFireSuppressionTerminal,FIREEXTINGUISHER,0.585,"[355, 474, 9, 14]",fire_extinguisher,0.7346,#G},0.1534,,False
/home/coder/thesis-yolo/runs_gpu/evac_v12_pred_with_labels/KakaoTalk_20240405_160640520_04_jpg.rf.57c55652206889ee41dfc92ae61c5b15.jpg,IfcDoor,EXIT,0.162,"[72, 223, 9, 15]",exit,0.3121,;,0.6696,,False
/home/coder/thesis-yolo/runs_gpu/evac_v12_pred_with_labels/KakaoTalk_20240405_160721726_jpg.rf.b64c0beb55ea3000735d97e2250383f8.jpg,IfcFireSuppressionTerminal,FIREEXTINGUISHER,0.106,"[89, 203, 8, 10]",fire_extinguisher,0.2564,1,0.1547,,False
/home/coder/thesis-yolo/runs_gpu/evac_v12_pred_with_labels/KakaoTalk_20240405_160721726_jpg.rf.e1cb6e191c891ac5005d7ef696ef4a85.jpg,IfcDoor,EXIT,0.167,"[324, 143, 9, 14]",exit,0.3169,24,0.1823,,False
/home/coder/thesis-yolo/runs_gpu/evac_v12_pred_with_labels/evctmap-113_jpg.rf.f76cd30d85c3ad106d586307507ee3e8.jpg,IfcFireSuppressionTerminal,FIREEXTINGUISHER,0.641,"[160, 457, 17, 30]",fire_extinguisher,0.6412,TLi,0.0253,,False
/home/coder/thesis-yolo/runs_gpu/evac_v12_pred_with_labels/evctmap-11_jpg.rf.7700bb2bbc23e7c7f11008513367026c.jpg,IfcFireSuppressionTerminal,FIREEXTINGUISHER,0.749,"[426, 314, 22, 20]",fire_extinguisher,0.7494,{ €,0.0799,,False
/home/coder/thesis-yolo/runs_gpu/evac_v12_pred_with_labels/evctmap-11_jpg.rf.7700bb2bbc23e7c7f11008513367026c.jpg,IfcDoor,EXIT,0.35,"[390, 385, 13, 15]",exit,0.5002,4,0.56,,False
/home/coder/thesis-yolo/runs_gpu/evac_v12_pred_with_labels/evctmap-142_jpg.rf.b4169453cd806377e4ef7172e21b8d8f.jpg,IfcFireSuppressionTerminal,FIREEXTINGUISHER,0.353,"[193, 214, 6, 10]",fire_extinguisher,0.5026,1,0.4914,,False
/home/coder/thesis-yolo/runs_gpu/evac_v12_pred_with_labels/evctmap-142_jpg.rf.b4169453cd806377e4ef7172e21b8d8f.jpg,IfcDoor,EXIT,0.107,"[206, 422, 10, 14]",exit,0.2571,5,0.6473,,False
/home/coder/thesis-yolo/runs_gpu/evac_v12_pred_with_labels/evctmap-14_jpg.rf.113a0b99d0cd1e92140777dc927d5b5b.jpg,IfcFireSuppressionTerminal,FIREEXTINGUISHER,0.31,"[143, 408, 26, 22]",fire_extinguisher,0.3103,3L,0.0188,,False
/home/coder/thesis-yolo/runs_gpu/evac_v12_pred_with_labels/evctmap-14_jpg.rf.f116d5b86a30dfa7f25589b656083295.jpg,IfcFireSuppressionTerminal,FIREEXTINGUISHER,0.642,"[261, 435, 23, 32]",fire_extinguisher,0.6424,P7,0.0097,,False
/home/coder/thesis-yolo/runs_gpu/evac_v12_pred_with_labels/evctmap-157_jpg.rf.03f51ff95e04e047ccacbff3e9bf1e43.jpg,IfcDoor,EXIT,0.329,"[331, 216, 20, 28]",exit,0.3292,7',0.6158,,False
/home/coder/thesis-yolo/runs_gpu/evac_v12_pred_with_labels/evctmap-16_jpg.rf.2dda181a63d3718eec8256f7d7bd7f52.jpg,IfcDoor,EXIT,0.511,"[575, 347, 24, 25]",exit,0.5111,5,0.6665,,False
/home/coder/thesis-yolo/runs_gpu/evac_v12_pred_with_labels/evctmap-25_jpg.rf.202c8a4aa513099f57bcc8ad2e621873.jpg,IfcDoor,EXIT,0.607,"[5, 308, 25, 26]",exit,0.6072,1,0.9787,,False
/home/coder/thesis-yolo/runs_gpu/evac_v12_pred_with_labels/evctmap-27_jpg.rf.3011761f91d44dc5bf4f0ac0b5c3e8d7.jpg,IfcFireSuppressionTerminal,FIREEXTINGUISHER,0.285,"[288, 259, 11, 21]",fire_extinguisher,0.2848,Ji,0.103,,False
/home/coder/thesis-yolo/runs_gpu/evac_v12_pred_with_labels/evctmap-27_jpg.rf.9280c209a69d983e4722e4c3e457cbdf.jpg,IfcFireSuppressionTerminal,FIREEXTINGUISHER,0.258,"[286, 260, 12, 21]",fire_extinguisher,0.2584,94i,0.0093,,False
/home/coder/thesis-yolo/runs_gpu/evac_v12_pred_with_labels/evctmap-28_jpg.rf.3d08d9da016cd721a28b8332d1701581.jpg,IfcFireSuppressionTerminal,FIREEXTINGUISHER,0.42,"[179, 144, 21, 36]",fire_extinguisher,0.4199,Ae,0.0269,,False
/home/coder/thesis-yolo/runs_gpu/evac_v12_pred_with_labels/evctmap-29_jpg.rf.7f3764a18266ed3c52dbbac686328260.jpg,IfcDoor,EXIT,0.129,"[258, 437, 8, 11]",exit,0.2794,5,0.7844,,False
/home/coder/thesis-yolo/runs_gpu/evac_v12_pred_with_labels/evctmap-2_jpg.rf.3bbe941251de4ae0427239392dd937f4.jpg,IfcDoor,EXIT,0.708,"[551, 236, 27, 40]",exit,0.7081,I,0.3362,,False
/home/coder/thesis-yolo/runs_gpu/evac_v12_pred_with_labels/evctmap-320_jpg.rf.9c24cb5cbf3734467bdf77475971ad59.jpg,IfcFireSuppressionTerminal,FIREEXTINGUISHER,0.119,"[548, 212, 6, 8]",fire_extinguisher,0.2692,0,0.4401,,False
/home/coder/thesis-yolo/runs_gpu/evac_v12_pred_with_labels/evctmap-39_jpg.rf.86238fb254695116d93fbacbb7f50e51.jpg,IfcFireSuppressionTerminal,FIREEXTINGUISHER,0.117,"[506, 469, 9, 10]",fire_extinguisher,0.2665,49,0.0849,,False
/home/coder/thesis-yolo/runs_gpu/evac_v12_pred_with_labels/evctmap-3_jpg.rf.d44e8932007bfe3dc7b910589a46b270.jpg,IfcDoor,EXIT,0.294,"[561, 281, 27, 32]",exit,0.2943,0,0.1521,,False
/home/coder/thesis-yolo/runs_gpu/evac_v12_pred_with_labels/evctmap-402_jpg.rf.de94aab5a98098ecabb9ac057f5df533.jpg,IfcDoor,EXIT,0.751,"[527, 171, 26, 33]",exit,0.7512,4,0.7405,,False
/home/coder/thesis-yolo/runs_gpu/evac_v12_pred_with_labels/evctmap-470_jpg.rf.87aca37c93dde49b88d1dca58834dad5.jpg,IfcDoor,EXIT,0.607,"[217, 538, 15, 19]",exit,0.6072,45,0.7039,,False
/home/coder/thesis-yolo/runs_gpu/evac_v12_pred_with_labels/evctmap-470_jpg.rf.9600e644e80fdebefc0d5851ad5523a3.jpg,IfcDoor,EXIT,0.53,"[302, 558, 13, 18]",exit,0.5304,4,0.0881,,False
/home/coder/thesis-yolo/runs_gpu/evac_v12_pred_with_labels/evctmap-481_jpg.rf.b62638f944ff9f91132379c4f9e50a5e.jpg,IfcFireSuppressionTerminal,FIREEXTINGUISHER,0.107,"[335, 428, 7, 19]",fire_extinguisher,0.2573,It,0.0965,,False
/home/coder/thesis-yolo/runs_gpu/evac_v12_pred_with_labels/evctmap-4_jpg.rf.fb43a8b9e3a67a76e8095fe70a5b529f.jpg,IfcFireSuppressionTerminal,FIREEXTINGUISHER,0.122,"[535, 270, 14, 16]",fire_extinguisher,0.2717,16,0.1822,,False
/home/coder/thesis-yolo/runs_gpu/evac_v12_pred_with_labels/evctmap-503_jpg.rf.e268bde21a62bb2629b7c9902e420d98.jpg,IfcDoor,EXIT,0.666,"[585, 324, 15, 16]",exit,0.6657,EF,0.1528,,False
/home/coder/thesis-yolo/runs_gpu/evac_v12_pred_with_labels/evctmap-503_jpg.rf.e268bde21a62bb2629b7c9902e420d98.jpg,IfcFireSuppressionTerminal,FIREEXTINGUISHER,0.33,"[595, 229, 16, 16]",fire_extinguisher,0.3304,7',0.1763,,False
/home/coder/thesis-yolo/runs_gpu/evac_v12_pred_with_labels/evctmap-509_jpg.rf.f4df436d8d4935d33025661a3c0397c6.jpg,IfcDoor,EXIT,0.197,"[228, 316, 9, 11]",exit,0.3471,1,0.9979,,False
/home/coder/thesis-yolo/runs_gpu/evac_v12_pred_with_labels/evctmap-512_jpg.rf.73efff70214262019a7266ab3046fb1a.jpg,IfcFireSuppressionTerminal,FIREEXTINGUISHER,0.191,"[93, 224, 9, 9]",fire_extinguisher,0.3408,998,0.017,,False
/home/coder/thesis-yolo/runs_gpu/evac_v12_pred_with_labels/evctmap-512_jpg.rf.a6f50c790032992a374173962b2d9234.jpg,IfcFireSuppressionTerminal,FIREEXTINGUISHER,0.224,"[458, 510, 8, 8]",fire_extinguisher,0.374,It,0.0876,,False
/home/coder/thesis-yolo/runs_gpu/evac_v12_pred_with_labels/evctmap-512_jpg.rf.a6f50c790032992a374173962b2d9234.jpg,IfcFireSuppressionTerminal,FIREEXTINGUISHER,0.118,"[543, 316, 8, 8]",fire_extinguisher,0.2677,21,0.0899,,False
/home/coder/thesis-yolo/runs_gpu/evac_v12_pred_with_labels/evctmap-512_jpg.rf.ecc6832d314f7cfb1c1f0de6738a77a5.jpg,IfcFireSuppressionTerminal,FIREEXTINGUISHER,0.303,"[360, 474, 10, 11]",fire_extinguisher,0.4531,38a,0.0854,,False
/home/coder/thesis-yolo/runs_gpu/evac_v12_pred_with_labels/evctmap-512_jpg.rf.ecc6832d314f7cfb1c1f0de6738a77a5.jpg,IfcFireSuppressionTerminal,FIREEXTINGUISHER,0.135,"[422, 313, 10, 10]",fire_extinguisher,0.2852,95,0.1427,,False
/home/coder/thesis-yolo/runs_gpu/evac_v12_pred_with_labels/evctmap-512_jpg.rf.ecc6832d314f7cfb1c1f0de6738a77a5.jpg,IfcFireSuppressionTerminal,FIREEXTINGUISHER,0.109,"[538, 358, 10, 9]",fire_extinguisher,0.2588,7,0.3708,,False
/home/coder/thesis-yolo/runs_gpu/evac_v12_pred_with_labels/evctmap-519_jpg.rf.118193b5ae11414a344e77f902b30a3f.jpg,IfcFireSuppressionTerminal,FIREEXTINGUISHER,0.267,"[326, 197, 10, 21]",fire_extinguisher,0.4169,1,0.8652,,False
/home/coder/thesis-yolo/runs_gpu/evac_v12_pred_with_labels/evctmap-519_jpg.rf.5298370bb16bb1fd007a8354760c47f4.jpg,IfcFireSuppressionTerminal,FIREEXTINGUISHER,0.256,"[154, 612, 14, 18]",fire_extinguisher,0.2558,19,0.1983,,False
/home/coder/thesis-yolo/runs_gpu/evac_v12_pred_with_labels/evctmap-525_jpg.rf.ea75485c9f8d9fdd254ef31ea8ff1376.jpg,IfcFireSuppressionTerminal,FIREEXTINGUISHER,0.121,"[529, 148, 8, 12]",fire_extinguisher,0.271,~,0.1006,,False
/home/coder/thesis-yolo/runs_gpu/evac_v12_pred_with_labels/evctmap-525_jpg.rf.f7367f1b8c23a35a1f9d86d03614d956.jpg,IfcFireSuppressionTerminal,FIREEXTINGUISHER,0.231,"[142, 260, 9, 13]",fire_extinguisher,0.381,4,0.9132,,False
/home/coder/thesis-yolo/runs_gpu/evac_v12_pred_with_labels/evctmap-540_jpg.rf.3ee814bbfd642cd3dc0545e3abb91d68.jpg,IfcFireSuppressionTerminal,FIREEXTINGUISHER,0.104,"[263, 454, 11, 16]",fire_extinguisher,0.2541,94,0.2656,,False
/home/coder/thesis-yolo/runs_gpu/evac_v12_pred_with_labels/evctmap-540_jpg.rf.935f47ad5eb61dc1ee21cc77eba3136a.jpg,IfcFireSuppressionTerminal,FIREEXTINGUISHER,0.151,"[378, 371, 9, 15]",fire_extinguisher,0.3008,10,0.6837,,False
/home/coder/thesis-yolo/runs_gpu/evac_v12_pred_with_labels/evctmap-540_jpg.rf.d304e454f268182a1de59bd73dd41a6a.jpg,IfcDoor,EXIT,0.176,"[340, 545, 7, 11]",exit,0.3255,24,0.6606,,False
/home/coder/thesis-yolo/runs_gpu/evac_v12_pred_with_labels/evctmap-570_jpg.rf.135902d597c8f22235e3ccda44a945c1.jpg,IfcDoor,EXIT,0.857,"[128, 268, 35, 36]",exit,0.8566,It',0.0266,,False
/home/coder/thesis-yolo/runs_gpu/evac_v12_pred_with_labels/evctmap-570_jpg.rf.76d7692942bf73a842d6e67735742dbd.jpg,IfcDoor,EXIT,0.7,"[126, 275, 34, 35]",exit,0.6997,if,0.2267,,False
/home/coder/thesis-yolo/runs_gpu/evac_v12_pred_with_labels/evctmap-579_jpg.rf.4b3147974d1151c1576e4d2a844e86ab.jpg,IfcFireSuppressionTerminal,FIREEXTINGUISHER,0.44,"[473, 282, 10, 11]",fire_extinguisher,0.5895,7,0.877,,False
/home/coder/thesis-yolo/runs_gpu/evac_v12_pred_with_labels/evctmap-579_jpg.rf.4b3147974d1151c1576e4d2a844e86ab.jpg,IfcFireSuppressionTerminal,FIREEXTINGUISHER,0.103,"[384, 309, 13, 10]",fire_extinguisher,0.2533,4,0.4176,,False
/home/coder/thesis-yolo/runs_gpu/evac_v12_pred_with_labels/evctmap-579_jpg.rf.56a697be3a8739a4114121b3fb18fcf6.jpg,IfcFireSuppressionTerminal,FIREEXTINGUISHER,0.32,"[334, 362, 11, 12]",fire_extinguisher,0.4702,Fli,0.0158,,False
/home/coder/thesis-yolo/runs_gpu/evac_v12_pred_with_labels/evctmap-579_jpg.rf.56a697be3a8739a4114121b3fb18fcf6.jpg,IfcFireSuppressionTerminal,FIREEXTINGUISHER,0.141,"[187, 315, 12, 12]",fire_extinguisher,0.2906,15,0.0519,,False
/home/coder/thesis-yolo/runs_gpu/evac_v12_pred_with_labels/evctmap-579_jpg.rf.579025750392a6eac7cb4239975486be.jpg,IfcFireSuppressionTerminal,FIREEXTINGUISHER,0.359,"[187, 301, 12, 12]",fire_extinguisher,0.5089,71,0.2293,,False
/home/coder/thesis-yolo/runs_gpu/evac_v12_pred_with_labels/evctmap-579_jpg.rf.579025750392a6eac7cb4239975486be.jpg,IfcFireSuppressionTerminal,FIREEXTINGUISHER,0.115,"[378, 295, 12, 12]",fire_extinguisher,0.2649,J#,0.5651,,False
/home/coder/thesis-yolo/runs_gpu/evac_v12_pred_with_labels/evctmap-579_jpg.rf.579025750392a6eac7cb4239975486be.jpg,IfcFireSuppressionTerminal,FIREEXTINGUISHER,0.101,"[328, 363, 13, 14]",fire_extinguisher,0.2509,44,0.86,,False
/home/coder/thesis-yolo/runs_gpu/evac_v12_pred_with_labels/evctmap-590_jpg.rf.95a3c6ce0600e07ef619aaf82dec69b4.jpg,IfcFireSuppressionTerminal,FIREEXTINGUISHER,0.269,"[500, 252, 21, 21]",fire_extinguisher,0.2693,Ven,0.04,,False
/home/coder/thesis-yolo/runs_gpu/evac_v12_pred_with_labels/evctmap-5_jpg.rf.122331c53d6917bf9d4b0f9ef1ac062f.jpg,IfcDoor,EXIT,0.146,"[0, 394, 6, 31]",exit,0.2957,9s,0.0097,,False
/home/coder/thesis-yolo/runs_gpu/evac_v12_pred_with_labels/evctmap-608_jpg.rf.4d7e2f528fad364576cda4dc7fad41fc.jpg,IfcFireSuppressionTerminal,FIREEXTINGUISHER,0.188,"[229, 206, 9, 14]",fire_extinguisher,0.3382,10,0.0065,,False
/home/coder/thesis-yolo/runs_gpu/evac_v12_pred_with_labels/evctmap-608_jpg.rf.98bf42e4968628dd734015a4e73f147e.jpg,IfcFireSuppressionTerminal,FIREEXTINGUISHER,0.728,"[185, 540, 14, 18]",fire_extinguisher,0.7278,51,0.1274,,False
/home/coder/thesis-yolo/runs_gpu/evac_v12_pred_with_labels/evctmap-608_jpg.rf.98bf42e4968628dd734015a4e73f147e.jpg,IfcFireSuppressionTerminal,FIREEXTINGUISHER,0.193,"[362, 490, 12, 16]",fire_extinguisher,0.3433,8,0.1529,,False
/home/coder/thesis-yolo/runs_gpu/evac_v12_pred_with_labels/evctmap-608_jpg.rf.98bf42e4968628dd734015a4e73f147e.jpg,IfcFireSuppressionTerminal,FIREEXTINGUISHER,0.15,"[101, 230, 12, 16]",fire_extinguisher,0.2997,al,0.2297,,False
/home/coder/thesis-yolo/runs_gpu/evac_v12_pred_with_labels/evctmap-608_jpg.rf.c01c5b1ba87ad4443ae382bf54ae0726.jpg,IfcFireSuppressionTerminal,FIREEXTINGUISHER,0.529,"[544, 186, 12, 16]",fire_extinguisher,0.6787,31,0.158,,False
/home/coder/thesis-yolo/runs_gpu/evac_v12_pred_with_labels/evctmap-608_jpg.rf.c01c5b1ba87ad4443ae382bf54ae0726.jpg,IfcFireSuppressionTerminal,FIREEXTINGUISHER,0.389,"[519, 433, 12, 17]",fire_extinguisher,0.5393,4,0.3667,,False
/home/coder/thesis-yolo/runs_gpu/evac_v12_pred_with_labels/evctmap-608_jpg.rf.c01c5b1ba87ad4443ae382bf54ae0726.jpg,IfcFireSuppressionTerminal,FIREEXTINGUISHER,0.262,"[249, 191, 12, 16]",fire_extinguisher,0.4116,#i,0.0713,,False
/home/coder/thesis-yolo/runs_gpu/evac_v12_pred_with_labels/evctmap-641_jpg.rf.6895a6145b74389546e249ae27733074.jpg,IfcFireSuppressionTerminal,FIREEXTINGUISHER,0.352,"[215, 255, 10, 13]",fire_extinguisher,0.5021,4,0.3244,,False
/home/coder/thesis-yolo/runs_gpu/evac_v12_pred_with_labels/evctmap-641_jpg.rf.6895a6145b74389546e249ae27733074.jpg,IfcFireSuppressionTerminal,FIREEXTINGUISHER,0.294,"[571, 307, 10, 18]",fire_extinguisher,0.4444,1,0.935,,False
/home/coder/thesis-yolo/runs_gpu/evac_v12_pred_with_labels/evctmap-643_jpg.rf.fcc771821a5e35b9bd02f8c6a8b95d4a.jpg,IfcDoor,EXIT,0.653,"[222, 414, 34, 35]",exit,0.6526,r,0.0796,,False
/home/coder/thesis-yolo/runs_gpu/evac_v12_pred_with_labels/evctmap-683_jpg.rf.f544c077e361373da32374b9486ac71d.jpg,IfcDoor,EXIT,0.364,"[158, 276, 12, 14]",exit,0.5137,N,0.1222,,False
/home/coder/thesis-yolo/runs_gpu/evac_v12_pred_with_labels/evctmap-9_jpg.rf.ca2538e7d97e772eca459310d3abeaae.jpg,IfcFireSuppressionTerminal,FIREEXTINGUISHER,0.117,"[302, 302, 9, 13]",fire_extinguisher,0.267,35i,0.1239,,False
/home/coder/thesis-yolo/runs_gpu/evac_v12_pred_with_labels/evctmappevacuation-floor-plan110_jpg.rf.5ef9fee218634a9744244d5054effc81.jpg,IfcDoor,EXIT,0.231,"[575, 323, 9, 14]",exit,0.3808,5e,0.0043,,False
/home/coder/thesis-yolo/runs_gpu/evac_v12_pred_with_labels/evctmappevacuation-floor-plan22_jpg.rf.3aba50b5ff0d0013ef977bedb6069d7f.jpg,IfcFireSuppressionTerminal,FIREEXTINGUISHER,0.47,"[250, 234, 9, 14]",fire_extinguisher,0.6202,{#,0.0654,,False
/home/coder/thesis-yolo/runs_gpu/evac_v12_pred_with_labels/evctmappevacuation-floor-plan22_jpg.rf.3aba50b5ff0d0013ef977bedb6069d7f.jpg,IfcFireSuppressionTerminal,FIREEXTINGUISHER,0.294,"[113, 185, 15, 21]",fire_extinguisher,0.2936,4,0.552,,False
/home/coder/thesis-yolo/runs_gpu/evac_v12_pred_with_labels/evctmappevacuation-floor-plan270_jpg.rf.6446a44c1e5b0f6f90a3d789b1ebcbfa.jpg,IfcFireSuppressionTerminal,FIREEXTINGUISHER,0.15,"[170, 431, 8, 14]",fire_extinguisher,0.3,Cs,0.0007,,False
/home/coder/thesis-yolo/runs_gpu/evac_v12_pred_with_labels/evctmappevacuation-floor-plan336_jpg.rf.2f5e59f46f4ad53f0d5785a32fa28bc3.jpg,IfcFireSuppressionTerminal,FIREEXTINGUISHER,0.667,"[363, 191, 32, 58]",fire_extinguisher,0.6668,[,0.7234,,False
/home/coder/thesis-yolo/runs_gpu/evac_v12_pred_with_labels/evctmappevacuation-floor-plan336_jpg.rf.a82d11b7e41e55e512d6d1310218db36.jpg,IfcFireSuppressionTerminal,FIREEXTINGUISHER,0.555,"[249, 326, 36, 59]",fire_extinguisher,0.5549,U2f,0.0266,,False
/home/coder/thesis-yolo/runs_gpu/evac_v12_pred_with_labels/evctmappevacuation-floor-plan336_jpg.rf.c2bce66c0a0162b3b48c826f7fb63042.jpg,IfcFireSuppressionTerminal,FIREEXTINGUISHER,0.776,"[348, 332, 39, 57]",fire_extinguisher,0.7763,29,0.1452,,False
/home/coder/thesis-yolo/runs_gpu/evac_v12_pred_with_labels/evctmappevacuation-floor-plan336_jpg.rf.c2bce66c0a0162b3b48c826f7fb63042.jpg,IfcFireSuppressionTerminal,FIREEXTINGUISHER,0.455,"[357, 193, 48, 64]",fire_extinguisher,0.455,1,0.9641,,False
/home/coder/thesis-yolo/runs_gpu/evac_v12_pred_with_labels/evctmappevacuation-floor-plan345_jpg.rf.22238b334ca8908a366986f0c2652dd7.jpg,IfcFireSuppressionTerminal,FIREEXTINGUISHER,0.711,"[400, 446, 12, 29]",fire_extinguisher,0.7106,Hh,0.2078,,False
/home/coder/thesis-yolo/runs_gpu/evac_v12_pred_with_labels/evctmappevacuation-floor-plan345_jpg.rf.22238b334ca8908a366986f0c2652dd7.jpg,IfcFireSuppressionTerminal,FIREEXTINGUISHER,0.405,"[203, 103, 14, 27]",fire_extinguisher,0.4054,ri7,0.2156,,False
/home/coder/thesis-yolo/runs_gpu/evac_v12_pred_with_labels/evctmappevacuation-floor-plan345_jpg.rf.5b6e6bba6143fd1f4dc4f6da4c5cb727.jpg,IfcFireSuppressionTerminal,FIREEXTINGUISHER,0.469,"[409, 394, 14, 27]",fire_extinguisher,0.4689,198,0.087,,False
/home/coder/thesis-yolo/runs_gpu/evac_v12_pred_with_labels/evctmappevacuation-floor-plan345_jpg.rf.f4b12bcabad18ef493311c8c31614622.jpg,IfcFireSuppressionTerminal,FIREEXTINGUISHER,0.774,"[398, 449, 12, 26]",fire_extinguisher,0.7737,HaL,0.0743,,False
/home/coder/thesis-yolo/runs_gpu/evac_v12_pred_with_labels/evctmappevacuation-floor-plan397_jpg.rf.15c11a63abce739da4675cd43f3c8241.jpg,IfcDoor,EXIT,0.2,"[64, 72, 14, 15]",exit,0.3497,@n,0.0333,,False
/home/coder/thesis-yolo/runs_gpu/evac_v12_pred_with_labels/evctmappevacuation-floor-plan397_jpg.rf.6772ab0a86eb41dbff44b7b6872a50b6.jpg,IfcDoor,EXIT,0.318,"[126, 350, 15, 26]",exit,0.3182,4,0.8416,,False
/home/coder/thesis-yolo/runs_gpu/evac_v12_pred_with_labels/evctmappevacuation-floor-plan474_jpg.rf.a4635bd70339f910e4bd951fe0829f90.jpg,IfcDoor,EXIT,0.155,"[409, 546, 8, 11]",exit,0.305,1,0.2068,,False
/home/coder/thesis-yolo/runs_gpu/evac_v12_pred_with_labels/evctmappevacuation-floor-plan474_jpg.rf.d78f8f7536fae1287a9bd33d6d749c0c.jpg,IfcDoor,EXIT,0.144,"[444, 530, 9, 11]",exit,0.2942,5,0.1215,,False
/home/coder/thesis-yolo/runs_gpu/evac_v12_pred_with_labels/evctmappevacuation-floor-plan500_jpg.rf.7be3f8068405fe2dcb5215baa1ac09aa.jpg,IfcFireSuppressionTerminal,FIREEXTINGUISHER,0.172,"[49, 528, 10, 16]",fire_extinguisher,0.3221,41,0.6242,,False
/home/coder/thesis-yolo/runs_gpu/evac_v12_pred_with_labels/evctmappevacuation-floor-plan502_jpg.rf.8e5c503fe0217472329c60b1732b108b.jpg,IfcFireSuppressionTerminal,FIREEXTINGUISHER,0.82,"[382, 248, 17, 30]",fire_extinguisher,0.82,715,0.1725,,False
/home/coder/thesis-yolo/runs_gpu/evac_v12_pred_with_labels/evctmappevacuation-floor-plan502_jpg.rf.8e5c503fe0217472329c60b1732b108b.jpg,IfcFireSuppressionTerminal,FIREEXTINGUISHER,0.781,"[457, 371, 15, 28]",fire_extinguisher,0.7807,1,0.9631,,False
/home/coder/thesis-yolo/runs_gpu/evac_v12_pred_with_labels/evctmappevacuation-floor-plan502_jpg.rf.8e5c503fe0217472329c60b1732b108b.jpg,IfcFireSuppressionTerminal,FIREEXTINGUISHER,0.74,"[269, 370, 18, 25]",fire_extinguisher,0.7401,ale,0.0068,,False
/home/coder/thesis-yolo/runs_gpu/evac_v12_pred_with_labels/evctmappevacuation-floor-plan502_jpg.rf.8e5c503fe0217472329c60b1732b108b.jpg,IfcDoor,EXIT,0.619,"[243, 592, 17, 25]",exit,0.6186,74,0.4941,,False
/home/coder/thesis-yolo/runs_gpu/evac_v12_pred_with_labels/evctmappevacuation-floor-plan502_jpg.rf.8e5c503fe0217472329c60b1732b108b.jpg,IfcFireSuppressionTerminal,FIREEXTINGUISHER,0.615,"[362, 372, 18, 21]",fire_extinguisher,0.6147,Vl,0.0103,,False
/home/coder/thesis-yolo/runs_gpu/evac_v12_pred_with_labels/evctmappevacuation-floor-plan502_jpg.rf.9cd83a131ab55baf58e4c857cdb8c62c.jpg,IfcDoor,EXIT,0.321,"[307, 599, 20, 28]",exit,0.3207,21,0.5443,,False
/home/coder/thesis-yolo/runs_gpu/evac_v12_pred_with_labels/evctmappevacuation-floor-plan51_jpg.rf.dfbab3d2fb166d0e1982aa561141bfcb.jpg,IfcDoor,EXIT,0.206,"[163, 351, 10, 15]",exit,0.3559,E,0.0956,,False
/home/coder/thesis-yolo/runs_gpu/evac_v12_pred_with_labels/evctmappevacuation-floor-plan558_jpg.rf.4eaac485477f64d5e035d2101c1eb792.jpg,IfcFireSuppressionTerminal,FIREEXTINGUISHER,0.102,"[264, 447, 11, 16]",fire_extinguisher,0.2518,Lu,0.0625,,False
/home/coder/thesis-yolo/runs_gpu/evac_v12_pred_with_labels/evctmappevacuation-floor-plan610_jpg.rf.44fb697ba918f002035765d99354e582.jpg,IfcFireSuppressionTerminal,FIREEXTINGUISHER,0.565,"[189, 156, 32, 43]",fire_extinguisher,0.5648,9;,0.0285,,False
/home/coder/thesis-yolo/runs_gpu/evac_v12_pred_with_labels/evctmappevacuation-floor-plan610_jpg.rf.44fb697ba918f002035765d99354e582.jpg,IfcFireSuppressionTerminal,FIREEXTINGUISHER,0.464,"[554, 238, 17, 29]",fire_extinguisher,0.4636,77,0.1401,,False
/home/coder/thesis-yolo/runs_gpu/evac_v12_pred_with_labels/evctmappevacuation-floor-plan615_jpg.rf.573869ab419318a0ccb29c952cbe1cf8.jpg,IfcDoor,EXIT,0.17,"[258, 213, 12, 16]",exit,0.3197,R!,0.0469,,False
/home/coder/thesis-yolo/runs_gpu/evac_v12_pred_with_labels/evctmappevacuation-floor-plan615_jpg.rf.b5f242649717a479789d2245b0f987d2.jpg,IfcFireSuppressionTerminal,FIREEXTINGUISHER,0.272,"[572, 0, 22, 16]",fire_extinguisher,0.2724,L,0.7599,,False
/home/coder/thesis-yolo/runs_gpu/evac_v12_pred_with_labels/evctmappevacuation-floor-plan640_jpg.rf.b76eb0e1308c50e4e63e3e8d98387a72.jpg,IfcFireSuppressionTerminal,FIREEXTINGUISHER,0.194,"[278, 100, 9, 19]",fire_extinguisher,0.3442,i,0.7251,,False
/home/coder/thesis-yolo/runs_gpu/evac_v12_pred_with_labels/evctmappevacuation-floor-plan643_jpg.rf.e5fbd50175089c0b52993f47af73356e.jpg,IfcDoor,EXIT,0.135,"[29, 235, 8, 11]",exit,0.2855,3,0.6014,,False
/home/coder/thesis-yolo/runs_gpu/evac_v12_pred_with_labels/evctmappevacuation-floor-plan683_jpg.rf.7d5142630961f88a236f0512767fa94e.jpg,IfcFireSuppressionTerminal,FIREEXTINGUISHER,0.421,"[16, 397, 19, 50]",fire_extinguisher,0.4215,1,0.9585,,False
/home/coder/thesis-yolo/runs_gpu/evac_v12_pred_with_labels/evctmappevacuation-floor-plan686_jpg.rf.3b74d1397ee7c3152bf40ab8e3ef11b4.jpg,IfcDoor,EXIT,0.766,"[479, 39, 26, 31]",exit,0.7656,lir !,0.0318,,False
/home/coder/thesis-yolo/runs_gpu/evac_v12_pred_with_labels/evctmappevacuation-floor-plan686_jpg.rf.c7f0ba82b482daf2391ab494baa09588.jpg,IfcFireSuppressionTerminal,FIREEXTINGUISHER,0.743,"[563, 87, 28, 41]",fire_extinguisher,0.7425,Jl,0.022,,False
/home/coder/thesis-yolo/runs_gpu/evac_v12_pred_with_labels/evctmappevacuation-floor-plan686_jpg.rf.c7f0ba82b482daf2391ab494baa09588.jpg,IfcDoor,EXIT,0.343,"[353, 571, 19, 25]",exit,0.3431,{,0.8493,,False
/home/coder/thesis-yolo/runs_gpu/evac_v12_pred_with_labels/evctmappevacuation-floor-plan686_jpg.rf.d4c1d8949d942b20aff1f3a22900835b.jpg,IfcDoor,EXIT,0.852,"[273, 571, 19, 25]",exit,0.852,74,0.4786,,False
/home/coder/thesis-yolo/runs_gpu/evac_v12_pred_with_labels/evctmappevacuation-floor-plan6_jpg.rf.0a6ac2012bc60acb0c7915f8e508e0b4.jpg,IfcDoor,EXIT,0.325,"[415, 418, 11, 13]",exit,0.4751,2,0.0031,,False
/home/coder/thesis-yolo/runs_gpu/evac_v12_pred_with_labels/evctmappevacuation-floor-plan6_jpg.rf.0a6ac2012bc60acb0c7915f8e508e0b4.jpg,IfcFireSuppressionTerminal,FIREEXTINGUISHER,0.125,"[165, 241, 9, 11]",fire_extinguisher,0.2745,18,0.0505,,False
/home/coder/thesis-yolo/runs_gpu/evac_v12_pred_with_labels/evctmapppevacuation-diagram132_jpg.rf.7691774454a9317560278bab6f98d3ed.jpg,IfcDoor,EXIT,0.108,"[213, 579, 8, 11]",exit,0.2583,80,0.0327,,False
/home/coder/thesis-yolo/runs_gpu/evac_v12_pred_with_labels/evctmapppevacuation-diagram132_jpg.rf.997f3d4c1e235f32292e386109aff797.jpg,IfcDoor,EXIT,0.474,"[269, 594, 9, 13]",exit,0.6242,2:,0.0577,,False
/home/coder/thesis-yolo/runs_gpu/evac_v12_pred_with_labels/evctmapppevacuation-diagram183_jpg.rf.275be6169b5745e3073344373b65cd23.jpg,IfcFireSuppressionTerminal,FIREEXTINGUISHER,0.162,"[260, 459, 7, 14]",fire_extinguisher,0.3115,'j1,0.0054,,False
/home/coder/thesis-yolo/runs_gpu/evac_v12_pred_with_labels/evctmapppevacuation-diagram210_jpg.rf.56c7ff3f5b4dec0b48a786b039047b2f.jpg,IfcFireSuppressionTerminal,FIREEXTINGUISHER,0.111,"[139, 440, 6, 11]",fire_extinguisher,0.2612,9,0.2545,,False
/home/coder/thesis-yolo/runs_gpu/evac_v12_pred_with_labels/evctmapppevacuation-diagram310_jpg.rf.0046d577779c4ac33869fffebfb7da99.jpg,IfcFireSuppressionTerminal,FIREEXTINGUISHER,0.654,"[554, 395, 19, 24]",fire_extinguisher,0.654,HUJI,0.1387,,False
/home/coder/thesis-yolo/runs_gpu/evac_v12_pred_with_labels/evctmapppevacuation-diagram356_jpg.rf.cfbe43beec5190de0aec2304a119c9a4.jpg,IfcDoor,EXIT,0.325,"[411, 308, 10, 11]",exit,0.4748,JI,0.1172,,False
/home/coder/thesis-yolo/runs_gpu/evac_v12_pred_with_labels/evctmapppevacuation-diagram362_jpg.rf.454bad1f958adc3c2e4ab281ac24812b.jpg,IfcFireSuppressionTerminal,FIREEXTINGUISHER,0.13,"[433, 227, 5, 8]",fire_extinguisher,0.2802,24,0.1263,,False
/home/coder/thesis-yolo/runs_gpu/evac_v12_pred_with_labels/evctmapppevacuation-diagram373_jpg.rf.9fb08b6ca2da709f0122d38d101e9da4.jpg,IfcDoor,EXIT,0.809,"[123, 503, 27, 40]",exit,0.8091,4',0.7074,,False
/home/coder/thesis-yolo/runs_gpu/evac_v12_pred_with_labels/evctmapppevacuation-diagram389_jpg.rf.68a41a587c8857f148980ff7df90458c.jpg,IfcFireSuppressionTerminal,FIREEXTINGUISHER,0.42,"[119, 7, 16, 16]",fire_extinguisher,0.4204,#;,0.5809,,False
/home/coder/thesis-yolo/runs_gpu/evac_v12_pred_with_labels/evctmapppevacuation-diagram389_jpg.rf.ac8e536a5f5d28a8e508de5e3b120778.jpg,IfcFireSuppressionTerminal,FIREEXTINGUISHER,0.297,"[576, 64, 10, 13]",fire_extinguisher,0.4472,42,0.3489,,False
/home/coder/thesis-yolo/runs_gpu/evac_v12_pred_with_labels/evctmapppevacuation-diagram412_jpg.rf.43afa981d829d1e067666236ad25fbcb.jpg,IfcFireSuppressionTerminal,FIREEXTINGUISHER,0.418,"[27, 549, 13, 12]",fire_extinguisher,0.568,Al,0.0433,,False
/home/coder/thesis-yolo/runs_gpu/evac_v12_pred_with_labels/evctmapppevacuation-diagram416_jpg.rf.864c97b3337b787b56a80d66c0a8a4a2.jpg,IfcFireSuppressionTerminal,FIREEXTINGUISHER,0.607,"[279, 263, 25, 39]",fire_extinguisher,0.6073,Ir?,0.2004,,False
/home/coder/thesis-yolo/runs_gpu/evac_v12_pred_with_labels/evctmapppevacuation-diagram447_jpg.rf.c564b980454f6606da8ca302dec021a1.jpg,IfcFireSuppressionTerminal,FIREEXTINGUISHER,0.318,"[229, 134, 12, 23]",fire_extinguisher,0.3182,A,0.2436,,False
/home/coder/thesis-yolo/runs_gpu/evac_v12_pred_with_labels/evctmapppevacuation-diagram447_jpg.rf.f48d5e7f31c9c4bc2667e67c69b1a090.jpg,IfcDoor,EXIT,0.754,"[172, 400, 29, 37]",exit,0.7536,4,0.906,,False
/home/coder/thesis-yolo/runs_gpu/evac_v12_pred_with_labels/evctmapppevacuation-diagram48_jpg.rf.2bffad77e3e7ca00ac4b6b9f994a3e88.jpg,IfcFireSuppressionTerminal,FIREEXTINGUISHER,0.289,"[49, 283, 30, 31]",fire_extinguisher,0.2888,76,0.0755,,False
/home/coder/thesis-yolo/runs_gpu/evac_v12_pred_with_labels/evctmapppevacuation-diagram48_jpg.rf.f31a811e9170c2c865dc294838691db0.jpg,IfcFireSuppressionTerminal,FIREEXTINGUISHER,0.502,"[54, 276, 23, 29]",fire_extinguisher,0.5025,3,0.8319,,False
/home/coder/thesis-yolo/runs_gpu/evac_v12_pred_with_labels/evctmapppevacuation-diagram56_jpg.rf.269cb4703292f628bd812e7ef0590971.jpg,IfcFireSuppressionTerminal,FIREEXTINGUISHER,0.76,"[581, 246, 48, 66]",fire_extinguisher,0.7597,U {,0.0542,,False
/home/coder/thesis-yolo/runs_gpu/evac_v12_pred_with_labels/evctmapppevacuation-diagram56_jpg.rf.269cb4703292f628bd812e7ef0590971.jpg,IfcFireSuppressionTerminal,FIREEXTINGUISHER,0.406,"[185, 216, 16, 26]",fire_extinguisher,0.4055,n,0.1973,,False
/home/coder/thesis-yolo/runs_gpu/evac_v12_pred_with_labels/evctmapppevacuation-diagram56_jpg.rf.a9047490a9c906a8bac58072df6321db.jpg,IfcFireSuppressionTerminal,FIREEXTINGUISHER,0.552,"[7, 239, 58, 83]",fire_extinguisher,0.5519,n,0.2174,,False
/home/coder/thesis-yolo/runs_gpu/evac_v12_pred_with_labels/evctmapppevacuation-diagram56_jpg.rf.d373245ec4100cb7027c360b1cd26389.jpg,IfcFireSuppressionTerminal,FIREEXTINGUISHER,0.682,"[3, 314, 62, 84]",fire_extinguisher,0.6818,9/ €,0.1628,,False
/home/coder/thesis-yolo/runs_gpu/evac_v12_pred_with_labels/evctmapppevacuation-diagram611_jpg.rf.91f9dec628b81ade54d55d4d277cfc5e.jpg,IfcFireSuppressionTerminal,FIREEXTINGUISHER,0.439,"[407, 306, 13, 26]",fire_extinguisher,0.439,5a,0.0017,,False
/home/coder/thesis-yolo/runs_gpu/evac_v12_pred_with_labels/evctmapppevacuation-diagram693_jpg.rf.49e7543021764a57f51f9b3a7e9ab9b5.jpg,IfcDoor,EXIT,0.208,"[115, 345, 6, 7]",exit,0.3585,095,0.3043,,False
/home/coder/thesis-yolo/runs_gpu/evac_v12_pred_with_labels/evctmapppevacuation-diagram693_jpg.rf.49e7543021764a57f51f9b3a7e9ab9b5.jpg,IfcFireSuppressionTerminal,FIREEXTINGUISHER,0.355,"[519, 332, 16, 16]",fire_extinguisher,0.3549,FA,0.0472,,False
/home/coder/thesis-yolo/runs_gpu/evac_v12_pred_with_labels/evctmapppevacuation-diagram72_jpg.rf.82686074d85e441a3c162c24557e8f9d.jpg,IfcFireSuppressionTerminal,FIREEXTINGUISHER,0.191,"[75, 352, 5, 9]",fire_extinguisher,0.3411,19,0.1422,,False
